お名前(HN可),所属陣営,今年上場廃止になりそうな会社は？
ごんきち,湘南投資勉強会,1429 日本アクア 思ったより業績が伸びず株価が下がったところをヒノキヤグループに買われてしまう。
日本酒軽,湘南投資勉強会,1515　日鉄鉱業
こいけ,湘南投資勉強会,1712 ダイセキ環境 ダイセキによるTOB
たかね,湘南投資勉強会,1712 ダイセキ環境ソリューション 親子上場
与野,湘南投資勉強会,1712 ダイセキ環境ソリューション　親子上場解消
マックス,草を食べて暮らそう会,1730 麻生フオームクリート 公開買付 の応募を推奨する旨が決議されたと思ってるため
いち,湘南投資勉強会,1776 三井住建道路　TOBにより
ぷに丸,湘南投資勉強会,1776 三井住建道路 三井住友建設によるTOB
なつみ,湘南投資勉強会,1776 三井住建道路 三井住友建設の親子上場解消。
くっすんすん,湘南投資勉強会,1776 三井住建道路 親子上場廃止
miya,湘南投資勉強会,1776 三井住建道路 親子上場廃止
くろせ,湘南投資勉強会,1811 銭高組 MBO
愛媛のユウ,神戸投資勉強会,1811 銭高組 MBO/TOBされて上場廃止になりそうな気がします。
ヒロ,湘南投資勉強会,1811 銭高組 MBOされそう
グコウさん,神戸投資勉強会,1821三住建設 アクティビスト頼み
ヒデゾー,湘南投資勉強会,1827 ナカノフドー  MBO
you,湘南投資勉強会,"1827 ナカノフドー
MBO。直近板の動きが不穏。大量保有報告は出ず。LIMと立花買ってる？浮動株減らしたい？"
とりお,湘南投資勉強会,1827 ナカノフドー建設
ヒロ,湘南投資勉強会,1827 ナカノフドー建設 MBO.TOBされそう
タダモノ,湘南投資勉強会,1847 イチケン　TOB
とらほう,神戸投資勉強会,1850　南海辰村建設 TOB
野松　隆博,湘南投資勉強会,1871　ピーエスコンストラクション　大成建設との親子上場　個人株主で大株主が無く、TOBしやすい。業績良好
HAL,神戸投資勉強会,187A サムティホールディングス ファンドに買収されたので
野松　隆博,湘南投資勉強会,1948　弘電社　三菱電機が50％株主　親会社の三菱電機に100億円を貸し付けている。時価総額160億円の会社であり、親会社の三菱電機は、多少プレミアムを付けてTOBしても十分ペイできる。
Y.G.,湘南投資勉強会,1948 弘電社 三菱電機のTOB期待
あきら,神戸投資勉強会,1948　弘電社　三菱電機のＴＯＢ期待。
本屋,湘南投資勉強会,1948 弘電社 三菱電機子会社、三菱電機の方向性とは違いそうだしMBOとかないですかね。
ほしいも,湘南投資勉強会,1948 弘電社　親子上場解消で上場廃止になるのでは。業績もそこそこ良いので、そのままでも良いか。
モモクリン,湘南投資勉強会,1948弘電社 TOB
日本酒軽,湘南投資勉強会,1972　三晃金属工業
よっしー,湘南投資勉強会,2003 日東富士製粉 TOB
のり丸,新高値ブレイク投資塾,2134 北浜CP
ten,所属がわかりません。,2134 北浜キャピタルパートナーズ　株価、資本比率、負債も多く、立て直しが難しい。
初心者,神戸投資勉強会,2193 クックパッド　四期連続赤字で、ユーチューブが台頭してビジネスモデルに優位性がないから。
you,湘南投資勉強会,"2268 サーティーワン
流通株式比率基準未達。"
ごはん,湘南投資勉強会,2268　サーティワン　アイスクリーム 　流通量が少ない
ににもも,湘南投資勉強会,2268 サーティワン　不二家とダンキンブランズが80%以上株を持っている。
ボントレ,湘南投資勉強会,2281 プリマハム
いなじぃ,無所属,2281 プリマハム　 伊藤忠商事にTOB
kent,湘南投資勉強会,2281 プリマハム TOB
タダモノ,湘南投資勉強会,2281 プリマハム　TOB
スカイラー,湘南投資勉強会,2281 プリマハム 伊藤忠の親子上場解消に期待
josui,湘南投資勉強会,2281 プリマハム 伊藤忠商事によるTOB
ににもも,湘南投資勉強会,2281 プリマハム　今年こそはTOBされる…？！
太郎ちゃん,勉強会未参加,2281　プリマハム　親子上場解消
くま,湘南投資勉強会,2296 伊藤ハム
とっしー,湘南投資勉強会,2315カイカ　グループ再編でTOBあるかも
たぐけん,湘南投資勉強会,2321 ソフトフロント　債務超過
ぷに丸,湘南投資勉強会,2327 日鉄ソリューションズ 日本製鉄によるTOB
ピノキオ,湘南投資勉強会,2327 日鉄ソリューションズ 日本製鐵によるTOBで
大きなかぶ,湘南投資勉強会,"2329東北新社
MBO"
はっとり波平,無所属(kabuberry?),2335 キューブシステム 独立系SI 基本設計以降の工程を得意としており、時価総額が低いためTOB期待
TS開運,湘南投資勉強会,2388 ウェッジHD 債権者による完全子会社化
くろすけ,湘南投資勉強会,2410　キャリアデザインセンター　仮にプライムを断念した場合MBOになる可能性もあるのではないかと予想。
えびす,湘南投資勉強会,2484出前館、LINEヤフーによる子会社化TOB
あちし,湘南投資勉強会,2573 北海道コカ 親子上場解消
さーさ,神戸投資勉強会,2586 ピクセラ 株価が下落傾向のため
弁天。,湘南投資勉強会,2586 フルッタフルッタ 去年は来たアサイーブームが今年は起きず、資金繰り悪化。
リネラブ,神戸投資勉強会,2653 イオン九州 イオンによるTOB
だいふく,湘南投資勉強会,"2681 ゲオホールディングス
社長のMBO"
まるのん,湘南投資勉強会,2686 ジーフット 業績不振、上場維持基準抵触、イオンの経営支援等の進展
あいまる,湘南投資勉強会,2688 ジーフット イオンがTOB
すっぴー,滋賀投資勉強会,2692 伊藤忠食品
K,神戸投資勉強会,2692 伊藤忠食品 伊藤忠TOB
スカイラー,湘南投資勉強会,2692 伊藤忠食品 伊藤忠の親子上場解消に期待
もりたか。,湘南投資勉強会,2692　伊藤忠食品　伊藤忠商事の持ち株比率が約５割と高く、伊藤忠商事のTOBの可能性が高い。
ポポ,湘南投資勉強会,2692 伊藤忠食品 親子上場解消
太郎ちゃん,勉強会未参加,2692　伊藤忠食品　親子上場解消
しも,湘南投資勉強会,2692　伊藤忠食品　流行りのTOB
モモクリン,湘南投資勉強会,2692伊藤忠食品 TOB
アリエス,湘南投資勉強会,2721 ジェイホールディンブス いかにも苦しそうな多角経営。
のり丸,新高値ブレイク投資塾,2743 ピクセルカンパニー
ミシチェンコ騎兵団,無所属,278A Terra Drone 会社規模に比して大きな赤字。文春砲を食らっている。
ぺるる,湘南投資勉強会,2892 日本食品化学工 親子解消
ゴミの持ち腐れ,湘南投資勉強会,2926 篠崎屋 時価総額10億以上で上場維持基準達成してもそのあとどうするのという感じ。
くりご飯,湘南投資勉強会,2934 ジェイフロンティア　勘2。人知れず上場廃止してそう
タッチ,湘南投資勉強会,"2962 テクニスコ
慢性赤字、売り上げ減少"
くま,湘南投資勉強会,3030 ハブ
マー,湘南投資勉強会,3070  ジェリービーンズグループ
アリエス,湘南投資勉強会,3070 ジェリービーンズ 債務超過、どうしようもない状態。 
HG,湘南投資勉強会,3070 ジェリービーンズ　赤字が継続しており業績回復の見込みがないため。
あんこ,神戸投資勉強会,3070　ジェリービーンズ　赤字続き
ひかり,無所属,3070ジェリービーンズグループ　TOB
ぴょん,湘南投資勉強会,3077 ホリイフード TOB
とらほう,神戸投資勉強会,3094 スーパーバリュー TOB
えむじぇい,湘南投資勉強会,3103 ユニチカ 上場維持するも意義がないため廃止。
マー,湘南投資勉強会,3113　UNIVA・OAKホールディング
ようこ,神戸投資勉強会,3141　ウエルシアホールディングス　親子上場を解消するかなと思いました。
やまにゃん,湘南投資勉強会,3141ウェルシアHD　イオン系ドラッグストア　ツルハと統合で上場廃止
にゃり,湘南投資勉強会,3159 丸善CHIホールディングス 取次による流通価格転嫁により、出版社による書籍の価格高騰。紙の書籍が売れなくなる。
おいどん,どちらかと言うと神戸,"3171 リンカーズ
M&Aに遭う"
ちちざっぷ,湘南投資勉強会,3185 夢展望 親会社の東証に向けた整理
一心,湘南投資勉強会,3185夢展望 赤字、上場維持基準適合不可能そう
sakumaT,湘南投資勉強会,3189  ANAP    赤字続きなので
yume,湘南投資勉強会,3189 ANAP 現金減少、負債の増加、利益剰余金がマイナス
エアー,直近はkabuberryやパンローリングのIRセミナー等に参加しております。,3189 ANAP　上場維持基準を満たせなさそう。
Lily,秋からIR説明会にどちらの勉強会でも参加させて頂いています。,3189 ANAP 流動比率18%。厳しい。
すっぴー,滋賀投資勉強会,3192 白鳩
ブライ,神戸投資勉強会,3205 ダイドーリミテッド
yss,湘南投資勉強会,3236プロパスト　大幅減益のため。
よっしー,湘南投資勉強会,3280 エストラスト 親子上場解消によるTOB
ロカ,湘南投資勉強会,3280 エストラスト 西部ガスによりそろそろ上場廃止になってもよいのでは？
kazu4565,湘南投資勉強会,3280　エストラスト　西部ガスによるＭＢＯ　
MT,神戸投資勉強会,3319 ゴルフダイジェスト・オンライン
にからご,湘南投資勉強会,3326 ランシステム TOBの可能性。
さふらん,湘南投資勉強会,3326ランシステム　AOKIによるTOB
シンタロー,湘南投資勉強会,3346 ヒロタ　債務超過のため
近藤,湘南投資勉強会,"3346ヒロタグループ
本業が不調の中で債務超過。第三者割当増資が臨時株主総会で可決されれば解消されますが、そうならない可能性もありますので候補としました。"
ユーキ,湘南投資勉強会,3382 7&i HD　創業家発端のMBO
くろせ,湘南投資勉強会,3382 7&i MBO
こりん《KRN》,湘南投資勉強会,3382 7&iHD なんだかんだ買収されてしまう可能性もありそうなので。
きよし,湘南投資勉強会,3382　7&iHD 創業家がお買い上げ
伊豆太郎,湘南投資勉強会,3382 ７＆ｉＨＤ 買収合戦により非公開化。
Bolsa,湘南投資勉強会,3382　セブン％アイホールディングス　MBOの可能性がある
くりご飯,湘南投資勉強会,3382 セブン&I 今年に決着つくのでは無いかなと
初心,湘南投資勉強会,3382 セブン＆アイ
もっぴー,湘南投資勉強会,3382 セブン＆アイ
roku,湘南投資勉強会,3382　セブン＆アイ　　MBOは無理かなー
Chiharu24,湘南投資勉強会,3382 セブン&アイ　　TOB
まこ,湘南投資勉強会,3382 セブン&アイ　MBo
さすけ,湘南投資勉強会,3382　セブン＆アイ　MBO
たぐけん,湘南投資勉強会,3382 セブン&アイ　MBO
イタル,湘南投資勉強会,3382 セブン＆アイ MBOかTOBどちらかで決着しそう
羽根,神戸投資勉強会,3382 セブン&アイ　MBO又はTOB
たっくん,神戸投資勉強会,3382 セブン＆アイ TOB
ごろんちゃん,湘南投資勉強会,3382 セブン＆アイ TOB
ヒロシ,湘南投資勉強会,3382 セブン＆アイ TOBまたはMBO
くま,特になし,3382　セブン＆アイ　創業家によるMBO成功により上場廃止を想定
ぼーい。,神戸投資勉強会,3382 セブン＆アイ 創業家によるTOB成立で。
ほーちゃんのパパ,湘南投資勉強会,3382 セブン&アイ　創業家による上場廃止もしくはATD.TOの買収
end,湘南投資勉強会,"3382 セブン＆アイ
MBO"
かもめ,湘南投資勉強会,3382　セブン＆アイ。MBOかTOBで。
boxman,湘南投資勉強会,3382 セブン＆アイ・ホールディングス　MBO TOBにより
日生牡蠣,どちらの勉強会にもまだ参加したことがないです,3382 セブン&アイ・ホールディングス　TOBかMBOで今年中に上場廃止になりそう
しのぴーX＠横綱若三杉,神戸投資勉強会,3382 セブン＆アイ・ホールディングス　カナダ企業に買収される、創業家によるMBOなど非上場化が考えられる。
とらほう,神戸投資勉強会,3382 セブン&アイ・ホールディングス なんだかんだMBO
ロニー,湘南投資勉強会,3382 セブン&アイ・ホールディングス 創業家がTOBする。
oct,湘南投資勉強会,3382 セブン＆アイ・ホールディングス 買収対抗で非上場化。
ひろやん,無所属（一度、湘南投資勉強会に参加）,3382 セブン＆アイ・ホールディングス 買収防衛のためMBOによる上場廃止を行うため。
kawasemi7,湘南投資勉強会,3382　セブン＆アイHD　MBOによる上場廃止
ちゃちゃ,神戸投資勉強会,3382　セブン＆アイHD　TOB
豚さがり,湘南投資勉強会,3382　セブン＆アイHLD　MBO
横浜ジロー,湘南投資勉強会,3382　セブン＆アイホールディング　創業家によるMBO
がっしー会長,神戸投資勉強会,3382 セブン&アイホールディングス　色々と記事に出ているとおり、TOBがある為
マックス,草を食べて暮らそう会,3382 セブン&アイホールディングス 買収の可能性はあると思います
たかたか,神戸投資勉強会,"3382 セブン&アイホールディングス
アリマンタシォン・クシュタールか創業家からTOBによる上場廃止"
cocoa,神戸投資勉強会,3382 セブンアイHD MBOのため
DAIBOUCHOU,湘南投資勉強会,"3382	セブン＆アイHD　創業家MBOで検討中との事で。本当に出来るのか？"
シバマサ,湘南投資勉強会,3382セブン＆アイ　MBO
どみの,神戸投資勉強会,3382セブン&アイ いわずと知れた。
むね坊主,神戸投資勉強会,3382セブン＆アイ　買収成立
バンプ,神戸投資勉強会,3382セブン&アイ。MBO
牛肉太郎,神戸投資勉強会,3537　昭栄薬品　オアシスが花王の株を購入してごちゃごちゃしているし、昭栄薬品の持っている花王株は多いので、巻き込まれてTOBかMBOがありそう。
シンタロー,湘南投資勉強会,3577 東海染工　流通株式の不足
あちし,湘南投資勉強会,3622 ネットイヤー TOB
グコウさん,神戸投資勉強会,3622ネットイヤー　NTTデータさんまだ買えますよね
だいふく,湘南投資勉強会,3624 アクセルマーク　利益余剰金マイナス。赤字継続企業
ののこ,湘南投資勉強会,3633 GMOペパボ GMOグループの再編
AK,神戸投資勉強会,3641パピレス　たいしたことない値段でひっそりとMBOされる
bamboo7,その他,3672 オルトプラス GC注記銘柄
タッチ,湘南投資勉強会,"3672 オルトプラス
慢性赤字、売り上げ減少"
秋吉義明,湘南投資勉強会,3686 DLE 赤字継続
ブライ,神戸投資勉強会,3688 CARTA TOB
りんたん,湘南投資勉強会,3695 GMOリサーチ＆AI GMO子会社上場乱立をついに東証が問題視
Mくんニキ,神戸投資勉強会,3723 日本ファルコム 会長が亡くなったから
HAL,神戸投資勉強会,3738 ティーガイア ファンドに買収されたので 
Chiharu24,湘南投資勉強会,3772 ウェルス・マネジメント　TOB
リネラブ,神戸投資勉強会,3772 ウェルス・マネジメント ファンドによるTOB
HG,湘南投資勉強会,3803 イメージ情報開発　売上が上昇していないため
しのぴーX＠横綱若三杉,神戸投資勉強会,3808 オウケイウェイヴ 上場維持基準に抵触しそう。
ぴょん,湘南投資勉強会,3808 オウケイウェイヴ 連続赤字
えむじぇい,湘南投資勉強会,3808 オウケイウェブ 上場廃止にリーチがかかる。期中のさらなる買収も失敗に終わり天誅。
ごはん,湘南投資勉強会,3815　メディア工房　占ってみた結果
PINO,湘南投資勉強会,3823 The why how do company 何がしたいのかわからない。廃止してほしい。
hiro,湘南投資勉強会,3830 ギガプライズ　フリービットによるTOB
お蝶,湘南投資勉強会,3830 ギガプライズ フリービットによる買収
おのこ,所属なし,3832　The why How Do Company　業績不振
さざなみ,湘南投資勉強会,3844　コムチュア  非公開化期待
pekepeke,湘南投資勉強会,3844　コムチュア　TOB観測を会社は否定したためMBOを予想
ISO,湘南投資勉強会,3856 Abalance コンプライアンス問題あり
株島,神戸投資勉強会,3856 abalance そのような噂をよく聞くため
でこぽん,神戸投資勉強会,3856 Abalance 不祥事系
キリン@神戸投資勉強会,神戸投資勉強会,3856 エーバランス　そろそろいいでしょう..
次男坊,神戸投資勉強会,3864 三菱製紙 根拠はないけど筆頭株主の王子製紙がTOBしてくれたらと期待してます。
どみの,神戸投資勉強会,3892岡山製紙 親会社のTOB期待。
天パの電波ちゃん,神戸投資勉強会,3902 メディカルデータビジョン
yss,湘南投資勉強会,3914JIG-SAW　TOBされて。
end,湘南投資勉強会,"3929ソーシャルワイヤー
親会社が買いそう"
ののこ,湘南投資勉強会,3932 アカツキ ソニーとか買収しちゃいそう
まる,湘南投資勉強会,3936 グローバルウエイ　一昨年ころSNSでよく聞いていたけど業績は良くないので
朝昼晩飯,湘南投資勉強会,3963　シンクロ・フード　維持基準厳しくMBOが可能な現預金水準のため
鈴木,湘南投資勉強会,3978 マクロミル TOB価格引き上げでTOB成功
Tommy,湘南投資勉強会,4059 まぐまぐ めるまがに広告出す企業はもはや増えない、登録ユーザーをライブ配信会社などに身売り
kenmo@湘南投資勉強会,湘南投資勉強会,4059 まぐまぐ　上場から4年間泣かず飛ばす。社長も株を持っていないし、そろそろ経営にも飽きてるでしょう。親会社エアトリによるTOBに期待。
イタル,湘南投資勉強会,4059 まぐまぐ 上場維持基準未達で上場廃止
たかね,湘南投資勉強会,4059 まぐまぐ 親子上場
お多福。,湘南投資勉強会,4059 まぐまぐ　赤字の低時価
めがね,神戸投資勉強会,4091 日本酸素ホールディングス 親子上場
バンプ,神戸投資勉強会,4093東邦アセチレン。TOB
豚さがり,湘南投資勉強会,4169　ENECHANGE
とっしー,湘南投資勉強会,4169 ENECHANGE どういう形にしてもこのまま上場続けるのは難しそう
大陸浪人,湘南投資勉強会,4169 ENECHANGE 運転資金ショートorポートによるTOB
ほみ株,神戸投資勉強会,4169 ENECHANGE 赤字なため
いち,湘南投資勉強会,4169 ＥＮＥＣＨＡＮＧＥ　体力のある大手にTOBされるのでは
あいまる,湘南投資勉強会,4169 ENECHANGE 不正はダメでしょう
ダンベルドア,湘南投資勉強会,4169 エネチェンジ　2024年は不適切会計処理で上場廃止基準が危なかったため今年も。。。
ふくろう,湘南投資勉強会,4169 エネチェンジ　今年再び債務超過転落？買収されちゃう。
こいけ,湘南投資勉強会,4169 エネチェンジ 債務超過のリスク高い
kenmo@湘南投資勉強会,湘南投資勉強会,4178 Sharing Innovations　上場から3年間泣かず飛ばす。社長も3回変わり、株もほとんど持っていない状況。ここの親会社のOrchestra Holdingsがプライム上場維持基準未達成にも関わらず全然IRを強化しないことから、子会社をTOBして親会社もMBOという妄想を抱いてみる。
キリン@神戸投資勉強会,神戸投資勉強会,4192 スパイダープラス　社長Twitterやめてからも全く株価反転せず
ぽき,湘南投資勉強会,"4224ロンシール工業
TOBされる可能性がありそうなので。
TOBされそうな銘柄の理由としては
・大株主にTOBをしそうな企業が入っている（東ソー38.14%）
・キャッシュリッチ（流動資産175億）、ネットキャシュ豊富（113億）、自己資本比率高めである（72.5%）
・PBRを中心に割安（PBR0.36倍)
・小型株(時価総額68億）
・技術や収益源に独自性がある（鉄道車両用の床材では国内トップのシェア、ROE4.47%）"
rokuroku,湘南投資勉強会,4262　ニフティライフスタイル　EV/EVIDA　1倍台
前田嘉一,神戸投資勉強会,"4262 ニフティライフスタイル
親子上場。ニフティが2/3保有。ニフティ不動産（不動産の比較検索）が収益柱。PBR1.09。求人や温泉のアプリ、Ｗｅｂサイト運営。大株主の事業売却からTOBにより上場廃止を予想する。"
HAL,神戸投資勉強会,4295 フェイス 連続赤字で前期は特に大きな赤字を出したので
あべんどT,湘南投資勉強会,4301 アミューズ TOBかMOB
よっしー,湘南投資勉強会,4367 広栄化学 親子上場解消によるTOB
フィナンシェ,神戸投資勉強会,4381 ビープラッツ 債務超過
AK,神戸投資勉強会,4404ミヨシ油脂　山崎製パンあたりが買う
シバマサ,湘南投資勉強会,4436ミンカブ　経営迷走　キャッシュ減少　SBIによる救済
かまやき,神戸投資勉強会,4438 Welby 医療業界全体の苦戦状態に勝てる程の優位性がなく、赤字が拡大していく。
すっぴー,滋賀投資勉強会,4506 住友ファーマ
かまやき,神戸投資勉強会,4506 住友ファーマ　パフォーマンスのため。
なつみ,湘南投資勉強会,4506 住友ファーマ 住友化学は手離したいだろう。
おとわ,湘南投資勉強会,4539 日本ケミファ　赤字拡大
先高,湘南投資勉強会,4551 鳥居薬品 筆頭株主のJTが買収か!?　時価総額1383億、利益剰余金1092億（有利子負債0）でお得感がある。
明菜,神戸投資勉強会,4563 アンジェス  遺伝子医薬品等開発、難病治療薬販売／70億の赤字 キャッシュフローも年々減...今後も黒字化は難しいと思います。
サントーシー,湘南投資勉強会,4563 アンジェス グロースの癌
かまやき,神戸投資勉強会,4563 アンジェス　詐欺手法が認知されて資金が集まらなくなっており、上場するメリットも体力もない。
優子,神戸投資勉強会,"4563 アンジェス
ROE、ROAともにマイナス、業績もマイナス
コロナワクチンも不要になったから"
ぬる,湘南投資勉強会,4563 上場廃止になった方がよいと思うので。
Minty,湘南投資勉強会,4591 リボミック　買収されて上場廃止
グラッチ,湘南投資勉強会,4592 サンバイオ  623Bありえない
Minty,湘南投資勉強会,4592 サンバイオ　買収されて上場廃止
トモ,湘南投資勉強会,4596 窪田製薬　ここから業績回復は厳しそう
えびす,湘南投資勉強会,4678秀英予備校
きよし,湘南投資勉強会,4704　トレンドマイクロ　ベインがお買い上げ
ボントレ,湘南投資勉強会,4745 東京個別　
mayumayu,湘南投資勉強会,4745　東京個別　9783　ベネッセ　親子上場TOB
ポンポコたぬき,湘南投資勉強会,4745 東京個別 親子上場解消
お多福。,湘南投資勉強会,4745 東京個別指導学院　親子上場解消
リネラブ,神戸投資勉強会,4755 楽天グループ 企業買収
FN,神戸投資勉強会,4766  ピーエイ　地域再生見込み困難
ゆき,湘南投資勉強会,4813 ACCESS 1位株主の清原さんが2位株主のNTTに売却してNTTデータによりTOBされるという妄想
ひろやん,無所属（一度、湘南投資勉強会に参加）,4816 東映アニメーション 親会社である東映より時価総額が7割ほど高いため完全子会社化による上場廃止になるかも。
helen,特になし,"4816 東映アニメーション　親会社による
吸収"
かいとん,湘南投資勉強会,4832 JFEシステムズ 親会社からのTOB期待
たかね,湘南投資勉強会,4832 JFEシステムズ 親子上場
与野,湘南投資勉強会,4832 JFEシステムズ 親子上場解消
Minty,湘南投資勉強会,4883　モダリス　買収されて上場廃止
sei,湘南投資勉強会,4911　資生堂　廣藤代表執行役はBOA出身
鈴木,湘南投資勉強会,4967 小林製薬 経営陣によるMBO
大きなかぶ,湘南投資勉強会,"5017富士石油
出光興産からのTOB"
TS開運,湘南投資勉強会,5103 昭和ホールディングス 債権者による完全子会社化
うわん,神戸投資勉強会,5189 櫻護謨 無理では。
日生牡蠣,どちらの勉強会にもまだ参加したことがないです,5191 住友理工　親子上場解消
ぴょん,湘南投資勉強会,5191 住友理工 親子上場解消
かいとん,湘南投資勉強会,5194 相模ゴム オアシスの大量保有でてるから
Y.G.,湘南投資勉強会,5194 相模ゴム 株主にアクティビスト集合しており、MBO期待
タカ@takanovalue,湘南投資勉強会,5194 相模ゴム 社長選任比率が5割代に追い込まれMBOなどにより上場廃止
くっすんすん,湘南投資勉強会,5194 相模ゴム工業 MBO
むね坊主,神戸投資勉強会,5194相模ゴム工業　MBO
koma,KabuBerry,5210　日本山村硝子　村上ファンド
フィナンシェ,神戸投資勉強会,5216 倉元製作所 債務超過
初心,湘南投資勉強会,5255 モンスターラボ
タカ@takanovalue,湘南投資勉強会,5255 モンスターラボ ラマダン言い訳で有名な経営陣に立て直す力がないと見た
ISO,湘南投資勉強会,5255 モンスターラボ　債務超過で厳しそう
ごろんちゃん,湘南投資勉強会,5255 モンスターラボ 債務超過で遂にドボン
とおる,湘南投資勉強会,5255 モンスターラボ 債務超過なので。
うわん,神戸投資勉強会,5255 モンスターラボ 存在意義あるのでしょうか。
opopo,湘南投資勉強会,5255 モンスターラボホールディングス クソ株で生き残れる気がしない。
Nori. H,湘南投資勉強会,5255　モンラボ
日本酒軽,湘南投資勉強会,5282　ジオスター USスチールなんか頼まれても買わなくてええよ
opopo,湘南投資勉強会,5282 ジオスター 建設高騰でバリュー株なので安値TOB
ピノキオ,湘南投資勉強会,5282 ジオスター日本製鐵によるTOB
pekepeke,湘南投資勉強会,5391　A＆Aマテリアル　太平洋セメントによる親子上場廃止
josui,湘南投資勉強会,5449 大阪製鉄 日本製鉄によるTOB
オニール好きの投資家,湘南投資勉強会,5449 大阪製鉄　日本製鉄によるTOB期待
yoshi,湘南投資勉強会,5449 大阪製鐵 TOB
伊豆太郎,湘南投資勉強会,5449 大阪製鐵 日本製鉄によるMBO。
ピノキオ,湘南投資勉強会,5449 大阪製鐵 日本製鐵によるTOB
次男坊,神戸投資勉強会,5476 日本高周波鋼業 親子上場解消期待（親会社は神戸製鋼）
もりたか。,湘南投資勉強会,5481　黒崎播磨　日本製鉄の持ち株比率が約５割と高く、日本製鉄のTOBの可能性が高い。
ぽき,湘南投資勉強会,"5658日亜鋼業
TOBされる可能性がありそうなので。
TOBされそうな銘柄の理由としては
・大株主にTOBをしそうな企業が入っている（日本製鉄24.45%）
・キャッシュリッチ（流動資産368億）、ネットキャシュ豊富（310億）、自己資本比率高めである（70.4%）
・PBRを中心に割安（PBR0.29倍)
・小型株(時価総額161億）
・技術や収益源に独自性がある（綿材・薄板の2次加工大手、めっき線・フェンスの国内最大手、ROE2.51%）"
ぱお,湘南投資勉強会,5660 神鋼鋼線 親子上場解消
あべんどT,湘南投資勉強会,"5819 カナレ電気 TOBかMOB
"
はっとり波平,無所属(kabuberry?),5891 魁力屋 大手飲食チェーン店のTOB期待
さふらん,湘南投資勉強会,5994ファインシンター　トヨタによるTOB
りんたん,湘南投資勉強会,6026 GMOTECH GMO子会社上場乱立をついに東証が問題視
mindset,湘南投資勉強会,6035 IRジャパン 不正続きで投資対象にならない。
roku,湘南投資勉強会,6049　イトクロ　業績悪いけどお金いっぱいあるからMBOしても良いんじゃない。
BEN,湘南投資勉強会,6063 日本エマージェンシーアシスタンス　コロナ禍から需要が蒸発し、経営が迷走している。
先高,湘南投資勉強会,6074 ジェイエスエス 筆頭株主の日テレがティップネスとの連携期待で買収か!?　株価は上場来安値に接近。時価総額16億。
お蝶,湘南投資勉強会,6096 レアジョブ 学研による買収
TS開運,湘南投資勉強会,6103 オークマ ニデックによるTOB
ぱじぃた,湘南投資勉強会,6135 牧野フライス製作所
むね坊主,神戸投資勉強会,6135牧野フライス製作所　敵対的買収成立
与野,湘南投資勉強会,6143 ソディック TOB
yoshi,湘南投資勉強会,6143 ソディック TOB
ちゃちゃ,神戸投資勉強会,6173　アクアライン　債務超過
フィナンシェ,神戸投資勉強会,6173 アクアライン 債務超過
アリエス,湘南投資勉強会,6173 アクアライン 赤字続きに加え決算にも疑問で発表できず。
けむ。,新高値ブレイク投資塾,6177 appbank 常に赤字垂れ流しで保有資産的にもかなり厳しい。事業内容も後追いで流行を追いかけて迷走してる感がひどい
りんたん,湘南投資勉強会,6180 GMOメディア GMO子会社上場乱立をついに東証が問題視
キリン@神戸投資勉強会,神戸投資勉強会,6195 ホープ　ついに希望なくなる
日生牡蠣,どちらの勉強会にもまだ参加したことがないです,6201 豊田自動織機　親子上場解消
ヒデゾー,湘南投資勉強会,6305 日立建機  日立のTOB
さふらん,湘南投資勉強会,6366千代田化工建設　三菱商事によるTOB
えびす,湘南投資勉強会,6391加地テック、三井E&Sによる子会社TOB
さーさ,神戸投資勉強会,6444 サンデン 株価が下落傾向のため
sb9984,神戸投資勉強会,6458 旅工房　海外旅行代理店に買収される。
奥中 悠二朗,湘南投資勉強会,6482 ユーシン精機 MBO
kenmo@湘南投資勉強会,湘南投資勉強会,6533 Orchestra Holdings　プライム上場維持基準未達成にも関わらず全然をIRを強化しないことから、MBOして事業再構築して出直しを目論んでいるのではないかと推測。
ほーちゃんのパパ,湘南投資勉強会,6548 旅工房　アドベンチャーとの親子上場解消、もしくは業績不振でTOBなどなど
前田嘉一,神戸投資勉強会,"6548 旅工房
アドベンチャーが半数保有。PBR 1.06。GOTOで不正受給問題発覚。ネット専業旅行会社。地域専門担当者による提案販売に強み。大株主から救済を含んだTOBにより上場廃止を予想する。"
ごはん,湘南投資勉強会,6557　AIAIグループ　優待が無謀
こうへい,湘南投資勉強会,6565 ABホテル 建築費や地価が高騰する中、新規で土地取得から始めるにはコストが掛かるため、展開を広げようとする他の大手ホテルチェーンからのTOBがあると予想。
大陸浪人,湘南投資勉強会,6565 ABホテル 親子上場解消
DAIBOUCHOU,湘南投資勉強会,"6565	ABホテル　上場維持基準未達。名証落ち回避のため、東祥がTOBするのでは？"
ゆうと,神戸投資勉強会,"6565ABホテル
(すみません、時間がなかったため割愛させて頂きます。)"
ヨシ,湘南投資勉強会,6584 三櫻工業 自動車業界の再編の流れ
がっしー会長,神戸投資勉強会,6619 ダブルスコープ　欧州のEVが低迷、ハンガリー工場の投資が失敗に終わる
ラッキー,神戸投資勉強会,"6707 サンケン電気
アクティブィストが買い集めている"
明菜,神戸投資勉強会,6731  ピクセラ  1株を100株に併合したのに、あっという間に46円...営業利益、純利益 8年間全てマイナス...
しも,湘南投資勉強会,6731　ピクセラ　テラみたいにすべてが嘘で退場
さーさ,神戸投資勉強会,6731 ピクセラ 株価が下落傾向のため
愛媛のユウ,神戸投資勉強会,6731 ピクセラ 業績不振・財務不健全のため上場廃止になりそうな気がします。
ほみ株,神戸投資勉強会,6731 ピクセラ 赤字なため
ぼーい。,神戸投資勉強会,6731 ピクセラ 売上は右肩下がりなのに、赤字がさほど減っていないため。
大笑田,湘南投資勉強会,6740 JDI いちごが買収してからも赤字が継続しており具体的な経営改善案が見えないため。
Nori. H,湘南投資勉強会,6740　ジャパンディスプレイ
明菜,神戸投資勉強会,6740 ジャパンディスプレイ  液晶と有機ELの不振で連続赤字のため。
こいけ,湘南投資勉強会,6740 ジャパンディスプレイ 疑義注記。プライムで過去数年赤字
くっすんすん,湘南投資勉強会,6740 ジャパンディスプレイ 業績立て直せず、海外勢による買収
momota,無所属です,6740　ジャパンディスプレイ　赤字が続いているから。
オニール好きの投資家,湘南投資勉強会,6744 能美防災　セコムによるTOB期待
やまにゃん,湘南投資勉強会,6744能美防災　親会社のセコムが、過去にセコム上信越やパスコなどをTOBしているので。
さざなみ,湘南投資勉強会,6755　富士通ゼネラル  非公開化期待
yoshi,湘南投資勉強会,6755 富士通ゼネラル TOB
羽根,神戸投資勉強会,6755 富士通ゼネラル　TOB
人間,湘南投資勉強会,6755 富士通ゼネラル 富士通によるTOB
ぼんやり田中,神戸投資勉強会,6755　富士通ゼロックス　TOBされないかと期待
AK,神戸投資勉強会,6755富士通ゼネ　そろそろ決まるのでは
天パの電波ちゃん,神戸投資勉強会,6810 マクセル
えむじぇい,湘南投資勉強会,6879 イマジカG 翻訳コンテンツを整理され、業績悪化を機に映像制作が欲しい企業にTOBされる。
やさあた,神戸投資勉強会,"6927 ヘリオス テクノHD	TOB/MBO退場期待"
ほくと,神戸投資勉強会,6927　ヘリオステクノ　複数のMBO期待
ラッキー,神戸投資勉強会,"6927 ヘリオステクノＨＤ
アクティブィストが買い集めている"
ゆうと,神戸投資勉強会,"6927ヘリオステクノHD 
同社は昨年5月にRS Technologiesから1株825円でTOBが実施されたものの、その後市場でNIPPON ACTIVE VALUE FUND PLCやBlack Clover Limitedが大量保有報告書を提出するほど買い上げた結果、不成立となりました。その後の四半期報告書からは村上貴輝氏やAVIなどの保有も判明し、現状ではその4者で37.98%の株式を保有するに至っています。このようなことから同社でも株主還元方針を変更して対応していますが、ほぼ株価への影響を与えられていません。同社は一種の特殊状況に陥っており、現在アライアンスパートナーを探索しています。そのため同業周辺の企業やPEファンドなどのアライアンスパートナーによる再度の非公開化が考えられ、現状の株主構成では次の定時株主総会で取締役の再任も危ぶまれることから、1年以内の非公開化の可能性があるものと解しています。"
もっぴー,湘南投資勉強会,6930 日本アンテナ
you,湘南投資勉強会,"6930 日本アンテナ
エレコム傘下入り"
ぱお,湘南投資勉強会,6932 遠藤照明 MBO
くま,湘南投資勉強会,6967 新光電気工業
ぱじぃた,湘南投資勉強会,6967 新光電気工業
ほくと,神戸投資勉強会,6967　新光電気工業　2025年中にTOB成立では？
羽根,神戸投資勉強会,6967 新光電気工業　TOB
ロニー,湘南投資勉強会,6967 新光電気工業 ベトナムと中国での競争法に基づく手続きが完了して、産業革新機構がTOBする。
ちょる子,湘南投資勉強会,6967新光電工 tob
コブダイバー,神戸投資勉強会,"6993 大黒屋ホールディングス
業績、資金繰りともに厳しい"
グコウさん,神戸投資勉強会,6994指月電機　三菱さんお願いします
だいふく,湘南投資勉強会,"7038 フロンティアマネジメント
M &AキャピタルのTOB"
モモクリン,湘南投資勉強会,7041CRG 12/23優待廃止はMBOへの布石と妄想
初心,湘南投資勉強会,7063 Birdman
エアー,直近はkabuberryやパンローリングのIRセミナー等に参加しております。,7063 Birdman　会社の状態厳しそう。
松本,湘南投資勉強会,7063 Birdman 今年の株価値下がり率3位　現在債務超過で2025年6月まで上場維持基準に係る改善期間
コジエリ,湘南投資勉強会,7064Birdman 業績がよくないため
のり丸,新高値ブレイク投資塾,7074 24セブン ずっと業績が悪い
あんこ,神戸投資勉強会,7105  三菱ロジスネクスト 三菱重工から売却を示唆されているため
ゆき,湘南投資勉強会,7105 三菱ロジスネクスト 12/6の日経で親会社の重工が売却する方針とあるのでTOBの可能性アリ
岩田屋,神戸投資勉強会,7105 三菱ロジスネクスト　TOBで消える。
DAIBOUCHOU,湘南投資勉強会,7105　三菱ロジスネクスト　三菱重工が株売却との報道あり。ファンドが買収、非上場化？
yume,湘南投資勉強会,7105 三菱ロジスネクスト 三菱重工に売られる
なつみ,湘南投資勉強会,7105 三菱ロジスネクスト 三菱重工の事業再編。
au3（ナカ）,湘南投資勉強会,7105 三菱ロジスネクスト 三菱重工の保有株式売却報道
たぐけん,湘南投資勉強会,7105 三菱ロジスネクスト　三菱重工売出しによるMBO
ぺるる,湘南投資勉強会,7105 三菱ロジスネクスト 親子解消
kent,湘南投資勉強会,7105 三菱ロジネクスト TOB
めそ,湘南投資勉強会,7122  日本車輌製造
やさあた,神戸投資勉強会,7157 ライフネット生命保険 TOB/MBO期待
bamboo7,その他,7162 アストマックス いずれかの会社の傘下入り
sakumaT,湘南投資勉強会,7163  住信ＳＢＩネット銀行　真意はわからないが報道が出ていたので。
Bolsa,湘南投資勉強会,7163　SBI住信ネット銀行　ドコモの買収
柊,湘南投資勉強会,7163 住信SBI TOB
ロニー,湘南投資勉強会,7163 住信SBIネット銀行 NTTドコモがTOBする。
ゆきお,湘南投資勉強会,7163 住信SBIネット銀行 NTTドコモによるTOB
ほーちゃんのパパ,湘南投資勉強会,7163 住信SBIネット銀行　NTTドコモによる買収
ヒロシ,湘南投資勉強会,7163 住信ＳＢＩネット銀行 TOB
奥中 悠二朗,湘南投資勉強会,7163 住信ＳＢＩネット銀行 TOB
豚さがり,湘南投資勉強会,7163　住信SBIネット銀行　TOB
yume,湘南投資勉強会,7163 住信ＳＢＩネット銀行 TOBされそう
ユーキ,湘南投資勉強会,7163 住信SBIネット銀行　ドコモがTOB。SBI側も2つもネット銀行いらない
オニール好きの投資家,湘南投資勉強会,7163 住信SBIネット銀行　ドコモによるTOB期待
roku,湘南投資勉強会,7163　住信ＳＢＩネット銀行　ドコモのTOB
ぺるる,湘南投資勉強会,7163 住信SBIネット銀行 買収思惑
ラッキー,神戸投資勉強会,"7163 住信ＳＢＩネット銀行
大物投資家を参考にしました。"
どみの,神戸投資勉強会,7163住信SBIネット銀行 docomo買うのかなー
opopo,湘南投資勉強会,7198 SBIアルヒ 住信SBIネット銀のTOB絡みもしくはそもそも継続的に買い増しされてるので。
KM,神戸投資勉強会,7201　日産　現在検討中の本田・三菱自動車との3社協業の実現
サントーシー,湘南投資勉強会,7201 日産自動車　ホンダとの経営統合
マックス,草を食べて暮らそう会,7201 日産自動車 買収の可能性はあると思います
KM,神戸投資勉強会,7211　三菱自動車　現在検討中の本田・日産との3社協業の実現
ロカ,湘南投資勉強会,7215 ファルテック どうしようもなく安いのでTPRによるTOB期待
miya,湘南投資勉強会,7215 ファルテック　親子上場廃止
もっぴー,湘南投資勉強会,7222 日産車体
やっしー,神戸投資勉強会,7222　日産車体
やさあた,神戸投資勉強会,7222 日産車体 TOB/MBO退場期待
saku,湘南投資勉強会,7222　日産車体　今年中に綺麗にしておきたいはず。
めがね,神戸投資勉強会,7222 日産車体　親子上場
きよし,湘南投資勉強会,7222　日産車体　親子上場解消。
がっしー会長,神戸投資勉強会,7222 日産車体　日産の業績不振による影響を受けて、色々と見直しされ親会社からTOBされる
ヨシ,湘南投資勉強会,7222 日産車体 日産系+自動車業界再編+アクティビスト
しのぴーX＠横綱若三杉,神戸投資勉強会,7222 日産車体 日産自動車の経営再建、ホンダや三菱自動車との経営統合に際して、親子上場の必要性が問われるようになるはず。また、日産車体の工場の規模縮小も必要となってきそう。
でこぽん,神戸投資勉強会,7222 日産車体 日産絡みでTOB
けん,湘南投資勉強会,"7222 日産車体
上場維持基準未達で日産/ホンダ統合周りで上場廃止か"
やまにゃん,湘南投資勉強会,7222日産車体　ホンダ・日産統合により再編期待
やっしー,神戸投資勉強会,7229　ユタカ技研
はっとり波平,無所属(kabuberry?),7229 ユタカ技研　 ホンダ、日産統合に伴い、TOB期待(2輪の部品系の国外流出させないと想定）
お多福。,湘南投資勉強会,7229 ユタカ技研　TOB
なのなの,湘南投資勉強会,7229 ユタカ技研　ケーヒン、ショーワ、日信工業、八千代工業に続くホンダからのTOB期待
K,神戸投資勉強会,7229 ユタカ技研 ホンダTOB
ののこ,湘南投資勉強会,7229 ユタカ技研 ホンダが買収
Y.G.,湘南投資勉強会,7229 ユタカ技研 ホンダによるTOB期待
あきら,神戸投資勉強会,7229　ユタカ技研　ホンダのＴＯＢ期待。
もりたか。,湘南投資勉強会,7229　ユタカ技研　ホンダの持ち株比率が約７割と高く、ホンダのTOBの可能性が高い。
ヒロ,湘南投資勉強会,7229 ユタカ技研 ホンダ再編によりが親子上場解消
あべんどT,湘南投資勉強会,7229 ユタカ技研 自動車業界の再編の余波でTOB
ポンポコたぬき,湘南投資勉強会,7229 ユタカ技研 親子上場解消
ほくと,神戸投資勉強会,7229　ユタカ技研　本田・日産の統合準備としてのTOB期待
ヨシ,湘南投資勉強会,7244 市光工業 日産系+自動車業界再編の流れ
KS,所属なし,7266 今仙電機製作所 ホンダ-日産をきっかけに業界再編機運高まる。現関係会社であるテイ・エス テックから完全子会社化するためのTOBされ上場廃止へ
太郎ちゃん,勉強会未参加,7267　ユタカ技研　本田系部品メーカー　TOB候補
天パの電波ちゃん,神戸投資勉強会,7299 フジオーゼックス
ビョル,神戸投資勉強会,7299フジオーゼックス　親子上場
前田嘉一,神戸投資勉強会,"7326 ＳＢＩインシュアランスG
親子上場。SBIが６割保有。PBR0.61。SBI傘下の損保、生保の子会社が多様な商品提供している。SBIからのTOBにより上場廃止を予想する。"
お蝶,湘南投資勉強会,7326 デコルテ ミクシィによる買収
さすけ,湘南投資勉強会,7388　FPパートナー　営業スタイルに問題あり
愛媛のユウ,神戸投資勉強会,7388 FPパートナー 金融庁立ち入り検査辺りから雲行きが怪しく，上場廃止になりそうな気がします。
おとわ,湘南投資勉強会,7414 小野建　業績不振
ヒロユキ,初参加,7445 ライトオン 長期赤字、財務も悪い。
のりこ,湘南投資勉強会,"7445 ライトオン
赤字の幅が増えてっている"
イド,湘南投資勉強会,7450 サンデー 完全子会社化
kent,湘南投資勉強会,7451 三菱食品 TOB 
円蔵,湘南投資勉強会,7451三菱食品　TOB候補。総合商社の食品商社は完全子会社になっているので。
カヌレ,湘南投資勉強会,7455パリミキホールディングス　エシロールルックスオティカがM&A
こうへい,湘南投資勉強会,7467 萩原電気ホールディングス メインの仕入れ先であるルネサスが商流の再編を進めており、大きめの半導体商社への商流統合意向が出てきた際にマクニカのグローセル買収のような動きが出てくる可能性があるため。
ひろやん,無所属（一度、湘南投資勉強会に参加）,7494 コナカ 赤字が継続しており業績回復の見込みがないため。
まちゃ,湘南投資勉強会,7544 スリーエフ コンビニは大きなところがTOBされている。TOB狙われるか？
なのなの,湘南投資勉強会,7544 スリーエフ　再編中のコンビニ業界において、ローソンからのTOB期待
たかたか,神戸投資勉強会,"7544 スリーエフ
ローソンからTOBによる上場廃止"
牛肉太郎,神戸投資勉強会,7564　ワークマン　どちらかといえば好き勝手したい会社でありそこが魅力なため、上場しているデメリットの方が大きそう。
rokuroku,湘南投資勉強会,7601　ポプラ
けん,湘南投資勉強会,"7601 ポプラ
親会社が買うのでは？"
かもめ,湘南投資勉強会,7610　テイツー。成長意欲ありそうなトレジャーファクトリーの不得意分野で安くなっててほしそうだし、買えなくもなさそうだなって思って。きっとないけど。
サントーシー,湘南投資勉強会,7627 本田技研工業　日産自動車との統合
sakumaT,湘南投資勉強会,7630  壱番屋    子会社ということで上場廃止期待
にゃり,湘南投資勉強会,7640 トップカルチャー 取次による流通価格転嫁により、出版社による書籍の価格高騰。紙の書籍が売れなくなる。
コブダイバー,神戸投資勉強会,"7640 トップカルチャー
業績、資金繰りともに厳しい"
さざなみ,湘南投資勉強会,7732　トプコン  非公開化期待
はな,湘南投資勉強会,7794　EDP　ダイヤモンド価格下落による業績不振
KM,神戸投資勉強会,7831　ウイルコHLD　特別注意市場銘柄
rokuroku,湘南投資勉強会,7849　スターツ出版　MBO
奥中 悠二朗,湘南投資勉強会,7849 スターツ出版 TOB
朝昼晩飯,湘南投資勉強会,7849　スターツ出版　維持基準厳しくMBOが可能な現預金水準のため
ひかり,無所属,7918ヴィアHD TOB
Mくんニキ,神戸投資勉強会,7937 ツツミ  さすがにそろそろいいのでは
朝昼晩飯,湘南投資勉強会,7946　光陽社　維持基準厳しくMBOが可能な現預金水準のため
めそ,湘南投資勉強会,7970  信越ポリマー
人間,湘南投資勉強会,7970 信越ポリマ 信越化学工業によるTOB
次男坊,神戸投資勉強会,7970 信越ポリマー 三益半導体に続いて親子上場解消？
いなじぃ,無所属,7970 信越ポリマー　信越化学にTOB
au3（ナカ）,湘南投資勉強会,7970 信越ポリマー 信越化学のtob
牛肉太郎,神戸投資勉強会,7970　信越ポリマー　信越化学は、三益半導体工業も子会社化したし、信越ポリマーはタイミングだけの問題かと。
たっくん,神戸投資勉強会,7970　信越ポリマー　親子上場
あいまる,湘南投資勉強会,7970 信越ポリマー 親子上場解消
グラッチ,湘南投資勉強会,7970 信越ポリマー　親子上場廃止期待
けん,湘南投資勉強会,"7986 日本アイエスケイ
上場維持基準未達で残る気がなさそう"
先高,湘南投資勉強会,7992 セーラー万年筆 ゴールド高騰が痛手。柱の万年筆、高級品の需要戻らず。筆頭株主のプラスが買収か!?
ちょる子,湘南投資勉強会,8001 セブン&アイ　買収されるかなぁ…
まるのん,湘南投資勉強会,8013 ナイガイ 業績不振による注記銘柄。タビオによる買収を予想。
なべさん@高配当バリュー投資家,湘南投資勉強会,8075神鋼商事　TOBお願いします(神戸製鋼)
一心,湘南投資勉強会,8105堀田丸正　赤字、上場維持基準適合不可能そう
やっしー,神戸投資勉強会,8133　伊藤忠エネクス
いち,湘南投資勉強会,8133 伊藤忠エネクス　TOB
ごろんちゃん,湘南投資勉強会,8133 伊藤忠エネクス TOB
くろせ,湘南投資勉強会,8133 伊藤忠エネクス TOB
にからご,湘南投資勉強会,8133 伊藤忠エネクス　TOBの可能性。
なのなの,湘南投資勉強会,8133 伊藤忠エネクス　WECARS（旧ビッグモーター）やナルネットコミュニケーションズなど、自動車関連会社と資本的繋がりを多く持つが、自動車アフターマーケットでの事業拡大を図る伊藤忠商事が完全子会社化してもおかしくない
K,神戸投資勉強会,8133 伊藤忠エネクス 伊藤忠TOB
スカイラー,湘南投資勉強会,8133 伊藤忠エネクス 伊藤忠の親子上場解消に期待
josui,湘南投資勉強会,8133 伊藤忠エネクス 伊藤忠商事によるTOB
めがね,神戸投資勉強会,8133 伊藤忠エネクス　親子上場
あんこ,神戸投資勉強会,8143 ラピーヌ　時価総額5億　減益予想
でこぽん,神戸投資勉強会,8165 千趣会 大赤字
おのこ,所属なし,8166　タカキュー　上場基準未達
ヒロユキ,初参加,8209 フレンドリー 長期赤字、財務も悪い。
イタル,湘南投資勉強会,8254 さいか屋 上場維持基準未達で上場廃止
Mくんニキ,神戸投資勉強会,8291 日産東ＨＤ  なんとなく！
弁天。,湘南投資勉強会,8291 日産東ＨＤ 低EBITDA1.49 ホンダと日産の合併のあおりをうけてこちらもTOBか。
いなじぃ,無所属,8291 日産東京販売ホールディング　本田と日産のHD化に伴う事業再編により非上場化
ケンロク,湘南投資勉強会,8291日産東京販売HD　ホンダ•日産の統合で販売会社も再編
kawasemi7,湘南投資勉強会,8410　セブン銀行　セブン＆アイHDのMBO構想で資金確保のため売却される可能性がある。
柊,湘南投資勉強会,8566 リコーリース TOB
たっくん,神戸投資勉強会,8566　リコーリース　親子上場
タダモノ,湘南投資勉強会,8570 イオンフィナンシャル　TOB
まつ,湘南投資勉強会,8596 九州リースサービス 西日本フィナンシャルによるTOB。
ケンロク,湘南投資勉強会,8596九州リース　西日本FHDによる子会社化
ボントレ,湘南投資勉強会,8793 NECキャピタル
タッチ,湘南投資勉強会,"8798 アドバンスクリエイト
決算延期と期末配当無配、業績も悪い"
大きなかぶ,湘南投資勉強会,"8841テーオーシー
MBO"
弁天。,湘南投資勉強会,8850 スターツ出版 親子上場解消。親会社からのTOB。
おとわ,湘南投資勉強会,8887　クミカ　基準に適合しない恐れがある
Lily,秋からIR説明会にどちらの勉強会でも参加させて頂いています。,8887 クミカ　経営統合したシーラテクノロジーズも財務内容悪い。
ビョル,神戸投資勉強会,8891AMGHD 親子上場
しも,湘南投資勉強会,8894　Revolution　QOOカードを配る前に終了疑惑
ドルトン,湘南投資勉強会,8894 ＲＥＶＯＬＵＴＩＯＮ よく知らないが、胡散臭いため。
Lily,秋からIR説明会にどちらの勉強会でも参加させて頂いています。,8894　ＲＥＶＯＬＵＴＩＯＮ 資金繰りが厳しい。
シンタロー,湘南投資勉強会,8905 イオンモール　親子上場の解消
タカ@takanovalue,湘南投資勉強会,8920 東祥 優待廃止など少数株主への不利益行為からMBOなどの可能性
cocoa,神戸投資勉強会,9006 京浜急行電鉄 合併のため
kazu4565,湘南投資勉強会,9057　遠州トラック　住友倉庫によるＭＢＯ
まつ,湘南投資勉強会,9057 遠州トラック 住友倉庫によるTOB。
なべさん@高配当バリュー投資家,湘南投資勉強会,9057遠州トラック　TOBお願いします(住友倉庫他物流系の)
グラッチ,湘南投資勉強会,9073 京極運輸　TOB
miya,湘南投資勉強会,9074 日本石油輸送 親子上場廃止
大陸浪人,湘南投資勉強会,9204 スカイマーク 鈴与によるTOB
ぷに丸,湘南投資勉強会,9216 ビーウィズ パソナによるTOB
mindset,湘南投資勉強会,9227 マイクロ波化学 もはやなつかしい。
松本,湘南投資勉強会,9229 サンウェルズ　診療報酬不正報道により株価暴落、決算も出なかった
写楽保介,湘南投資勉強会,9229　サンウェルズ　不正の調査結果が出て。。。
さすけ,湘南投資勉強会,9229　サンウェルズ　不正請求
_dee,神戸投資勉強会,9235 売れるネットG 胡散臭い
くりご飯,湘南投資勉強会,9235 売れる広告ネット　勘1。最後は華々しく散りそう
ブライ,神戸投資勉強会,9257 YCP ＪＤＲ銘柄いらなくね？上場のメリットなさそう。
あちし,湘南投資勉強会,9307 杉村倉庫 TOB
なべさん@高配当バリュー投資家,湘南投資勉強会,9312ケイヒン　TOBお願いします(物流系の)
まるのん,湘南投資勉強会,9327 イーロジット 業績不振や各種上場維持基準抵触、AZ-COM丸和によるTOB可能性
ぱじぃた,湘南投資勉強会,9362 兵機海運
伊豆太郎,湘南投資勉強会,9362 兵機海運 買収合戦により非公開化。
Tommy,湘南投資勉強会,9369 キユーソー流通システム キユーピーが本業に集中するとしておりTOBされると予想
にからご,湘南投資勉強会,9377 エージーピー　TOBの可能性。
ちゃちゃ,神戸投資勉強会,9399　ビート・ホールディングス・リミテッド　もう寸劇が持たない
人間,湘南投資勉強会,9405 DLE TOB
ミキスケ,湘南投資勉強会,9414  BS11　親子上場廃止？　
saku,湘南投資勉強会,9414　日本BS放送　さすがにそろそろ
とっしー,湘南投資勉強会,9414 日本BS放送　ビックカメラTOBあるかも
あきら,神戸投資勉強会,9414　日本ＢＳ放送　ビックカメラのＴＯＢ期待。
ぱお,湘南投資勉強会,9414 日本BS放送 親子上場解消
かもめ,湘南投資勉強会,9436　沖縄セルラー電話。親子上場解消の風潮を受けてKDDIが。
ひかり,無所属,9436沖縄セルラー電話　TOB
つま,湘南投資勉強会,9468 KADOKAWA TOB狙い。
boxman,湘南投資勉強会,9477 KADOKAWA sony の買収
mindset,湘南投資勉強会,9563 atlas technologies 買ってもまったく良いところがなかったので。
ヒデゾー,湘南投資勉強会,9613 NTTデータ NTTのTOB
saku,湘南投資勉強会,9613　NTTデータグループ　NTTの名前も変わるしそろそろいいかなと。
ポンポコたぬき,湘南投資勉強会,9691 両毛システムズ 親子上場解消
ベリーピザ,湘南投資勉強会,9696 ウィザス　アクティビストによる非上場化提案が実現する。
end,湘南投資勉強会,"9696ウィザス
スイスアジアに脅されている"
ゆうと,神戸投資勉強会,"9696ウィザス
同社は昨年6月の定時株主総会で筆頭株主のSwiss-Asia Financial Services Pte. Ltd.から買収防衛策の廃止などを求める株主提案を出されており、否決されたものの3～4割程度の賛同を得ていました。また、現状ではさらに買い増してSwiss-Asia Financial Services Pte. Ltd.は17.82%の株式を取得しており、同社に圧力がかかる局面であり、今般報道にあったように非公開化を提案している状態です。同社が非公開化を選択するかは定かではありませんが、同定時株主総会では経営陣は概ね2/3程度しか賛同が得られておらず、一定程度の少数株主はSwiss-Asia Financial Services Pte. Ltd.に賛同していることが明らかです。株主構成を同社にとって都合が良いように変えるにはPEファンド等と組んだMBOか、ホワイトナイト(同業周辺)による買収くらいしか手段がありません。ただ、幸いなことに同社はネットキャッシュも豊富であり、収益性の高い通信制の高校・大学事業があります。そのため、こうして非公開化提案が表に出ることで、アライアンスパートナーやスポンサーは声をかけやすい状態と言えると思われます。"
pekepeke,湘南投資勉強会,9719　SCSK　商社のIT子会社買収の流れが続く
ちちざっぷ,湘南投資勉強会,9719 SCSK 親会社住商へ
ISO,湘南投資勉強会,9719 SCSK 親子上場の廃止
HG,湘南投資勉強会,9749 富士ソフト　KKRによるTOBのため
Chiharu24,湘南投資勉強会,9763 丸紅建材リース　丸紅によるTOB
まちゃ,湘南投資勉強会,9795 ステップ いつも湘南の会場を使っているよしみでkenmoさんがTOB実施
ユーキ,湘南投資勉強会,9820 MTジェネックス　森トラストがTOB
ににもも,湘南投資勉強会,9852  CBグループマネジメント　やる気ないからMBOして逃げちゃいそう。
めそ,湘南投資勉強会,9856  ケーユーホールディングス
イド,湘南投資勉強会,9876 コックス イオンモールへ吸収合併
こうへい,湘南投資勉強会,9880 イノテック 産機向けの割合が多く中国不振で苦しんでいる半導体商社（3132 マクニカ辺り）が設計支援まで含めた提案やエッジAIの分野まで裾野を広げるためにTOBするかも。
ゴミの持ち腐れ,湘南投資勉強会,9885 シャルレ 若年層顧客獲得成功見込みなさそう。業績回復厳しい気がするから。（ここのタオルは愛用しています。）
まちゃ,湘南投資勉強会,9946 ミニストップ コンビニは大きなところがTOBされているのとイオン子会社をイオンがTOBという可能性も。
おのこ,所属なし,9946　ミニストップ　親子上場解消
cocoa,神戸投資勉強会,9973 KOZOホールディングス 業績悪化のため
ヒロユキ,初参加,9973 KOZOホールディングス 長期赤字、財務も悪い。
ビョル,神戸投資勉強会,9973KOZOホールディングス　そろそろ…
かめぞう,湘南投資勉強会,9978 文教堂HD　書店。売上高が長期低落傾向。自己資本も大きく減少。
にゃり,湘南投資勉強会,9978 文教堂グループホールディングス 取次による流通価格転嫁により、出版社による書籍の価格高騰。紙の書籍が売れなくなる。
一心,湘南投資勉強会,9980 MRK 上記２社と統合されそう
ちちざっぷ,湘南投資勉強会,9980 MRKHD 親会社の東証に向けた整理
マー,湘南投資勉強会,9980　MRKHL　
TAKAS,湘南投資勉強会,9984 ソフトバンクグループ　攻めてみました
ロカ,湘南投資勉強会,9991 ジェコス JFEではなくみずほリースによるTOBの可能性浮上
にこいち,四季報investors,AppBank(6177) 赤字拡大、事業方針がブレブレ、幹部の頭が悪すぎる
ULTRAGENKI 旧サバイブ,湘南投資勉強会,EDP  新たな発起改善薬の発見により
よつば,神戸投資勉強会,GAテック　株価が上がらない
五十嵐康伸,湘南投資勉強会,Ｇｕｎｏｓｙ (6047) 人材流出激しそう
ULTRAGENKI 旧サバイブ,湘南投資勉強会,ＨＩＳ  コロナ不正受給の悪事がから債務超過でさらば
よつば,神戸投資勉強会,Sapeet 上場ゴール
JoJo,湘南投資勉強会,WEWKQ　WeWork　再建に失敗するリスクが大きい
Cowとれーだー,湘南投資勉強会,アイチコーポ:豊田自動織機による子会社化
にこいち,四季報investors,オウケイW（3808）債務超過
五十嵐康伸,湘南投資勉強会,オキサイド (6521) MAしたイスラエルの関連会社が戦争で大ダメージ受けてそう
投資家N,神戸投資勉強会,クックパッド
タッピィ,所属していません,コーアツ工業(1743)。地方の中小の建設業は統合の波に揉まれる。
ULTRAGENKI 旧サバイブ,湘南投資勉強会,サンユウ  日鉄によるTOB
たぬ吉,湘南投資勉強会,ジーフット2686　イオンによる買収がなければ倒産の可能性大
アポロ,湘南投資勉強会,ジェリービーンズ　時価総額未達　連続赤字　現金3億　流動資産5.2億　流動負債1.9億
投資家N,神戸投資勉強会,ジャパンディスプレイ
タイ,湘南投資勉強会,シライ電子工業　MBO期待
きたやん,神戸投資勉強会,"ジンジブ

3ヶ月で中間報告を取り下げ、99%減の営業利益
を叩き出したから。"
よつば,神戸投資勉強会,シンワワイズ、不適切会計
タッピィ,所属していません,スターツ出版(7849)。「資本コスト株価意識」要請の圧力に負けてスターツ(8850)により完全子会社化。
サボリーマン,湘南投資勉強会,スパイダープラス　社長が◯スな為
まろまろ,湘南投資勉強会,"セブン&i 3382
思惑ニュースより"
せっきー,湘南投資勉強会,セブン＆アイ、伊藤家によるMBOをやらざるを得ない状況
momo,湘南投資勉強会,セブン銀行
piyopiyodawan,神戸投資勉強会,ソディック。TOB。
にこいち,四季報investors,タカキュー(8166)　債務超過
きたやん,神戸投資勉強会,"トーア坊

何年下降気味になっているから。"
まろまろ,湘南投資勉強会,"トプコン　7732
思惑ニュースから"
NY,神戸投資勉強会,トラスト　VT買い取ってー
momo,湘南投資勉強会,ナカノフドー
piyopiyodawan,神戸投資勉強会,ナカノフドー。MBO。
ミラグレーン,湘南投資勉強会,パリミキ　　mboされそう
フク,無し,パレモ　TOB予想
シュレディンガーのぱんだ,さいたま投資勉強会,ビープラッツ（本業が不調で純現金収支悪化のため）
蝦名美穂子,くまのもり,ピクセル業績が悪い
ayame,湘南投資勉強会,ファルテック。ホンダ・日産の経営統合により、部品メーカーが整理されることを見込んで。
タイ,湘南投資勉強会,フジオーゼックス　TOB期待
はるもふ,どちらにも所属していません,フジオーゼックス。大同特殊鋼によるTOB。
ダニエル,湘南投資勉強会,フジックス　赤字転落
Ottoto,湘南投資勉強会,ヘリオステクノ　TOB
piyopiyodawan,神戸投資勉強会,ポプラ。TOB。
タイ,湘南投資勉強会,ユタカ技研　TOB期待
Cowとれーだー,湘南投資勉強会,ユタカ技研:ホンダによる子会社化
ayame,湘南投資勉強会,ユニプレス。ホンダ・日産の経営統合により、部品メーカーが整理されることを見込んで。
まろまろ,湘南投資勉強会,"ローム　6963
パワー半導体連合のためTOB"
Ottoto,湘南投資勉強会,旭松食品　TOBかMBO
momo,湘南投資勉強会,岡本工作機械
投資家N,神戸投資勉強会,河西工業
ちゃっぴー,特になし,河西工業　日産の援助が必要だが、日産がそれどころではなくなってるため、助けられるかどうか。
ayame,湘南投資勉強会,河西工業。ホンダ・日産の経営統合により、部品メーカーが整理されることを見込んで。
Cowとれーだー,湘南投資勉強会,丸善CHI:大日本印刷による子会社化
はるもふ,どちらにも所属していません,三菱倉庫。三菱商事によるTOB
にゃんまる,湘南投資勉強会,小僧寿司　売れていないから
フックン,神戸投資勉強会,新光電気工業　産業革新機構によるTOB
ちょる子,湘南投資勉強会,大王製紙
アポロ,湘南投資勉強会,地域新聞社　時価総額未達　営業利益が赤字体質　現金9億　負債6.7億　
はるもふ,どちらにも所属していません,蝶理。東レによるTOB。
アポロ,湘南投資勉強会,鳥居薬品　JTによる親子上場解消の可能性
neko4979,東京勉強会,東映アニメーション　親会社より時価総額が高くなっているため
きたやん,神戸投資勉強会,"日産自動車
自動車産業はもう厳しいと思うから。"
蝦名美穂子,くまのもり,日産車体親子上場のため
五十嵐康伸,湘南投資勉強会,日野自動車 (7205) 不正のダメージがでかい
SAKANA,湘南投資勉強会,能美防災　セコムが50％の株をもっており、TOB期待
タピ,湘南投資勉強会,不二家　山崎製パンにTOB
ダニエル,湘南投資勉強会,フジックス　赤字転落
猫三昧,湘南投資勉強会,"7205日野自動車
トヨタに吸収合併"
猫三昧,湘南投資勉強会,"6740JDI
とうとう…"
猫三昧,湘南投資勉強会,"2586フルッタフルッタ
アサイーブーム終了で大量在庫抱えて…"