お名前(HN可),所属陣営,今年株式市場で起こることは？
エアー,直近はkabuberryやパンローリングのIRセミナー等に参加しております。,トランプさんが最初は緩和政策を進めるもインフレが止まらなくなり金融引き締めに転換。　結果的にアメリカ株を筆頭に世界中の株式で一時的な暴落が起きる。（-20％ぐらいの）
タカ@takanovalue,湘南投資勉強会,ウクライナとロシアの戦争終結
ともろん,湘南投資勉強会,日経平均5万円超える
五十嵐康伸,湘南投資勉強会,量子コンピューティングに特化したベンチャーが東証に上場
次男坊,神戸投資勉強会,日経平均5万円突破
こりん《KRN》,湘南投資勉強会,米中貿易戦争再燃
町田,まだ所属できておりません,トランプトレードの剥落から、米国株の調整
めろんぱん,湘南投資勉強会,AI投資がさらに過熱するがNVIDIAの業績は頭打ちとなりNVIDIA株が50%程度調整
まこ,湘南投資勉強会,ウクライナとロシアの戦争が終わり天然ガスや原油なのど値段も落ち着き世界が落ち着くと思いきや、経済は停滞を続ける。(未来の成長のための停滞期)
ten,所属がわかりません。,ジェットコースターの様な相場
横浜ジロー,湘南投資勉強会,日産とホンダの合併
タピ,湘南投資勉強会,イーロンマスクの日本推しが加速し人気となり日経PERが17超える
momota,無所属です,仮想通貨が暴落して株式相場に資金が流れてくる。
本屋,湘南投資勉強会,春闘の賃上げ率が7%になる。
おとわ,湘南投資勉強会,井村ファンド（kaihou）の中から、テンバガー銘柄が出る
にゃり,湘南投資勉強会,暗号資産に対する税制が改正される
kent,湘南投資勉強会,プライム市場で銀行セクターが業種別上昇率1位
かもめ,湘南投資勉強会,岐阜暴威氏の単独本出版
masa,神戸投資勉強会,2025年は株式は閑散商いとなり、平均株価はじりじりと下落トレンド入り。
先高,湘南投資勉強会,誰もが知っている食品会社もしくは飲食店が外資に買収される。
ユーキ,湘南投資勉強会,3864 三菱製紙　年初来パフォが+50%以上となる
ちゃちゃ,神戸投資勉強会,ウォレットバフェット氏事実上の引退により、商社株を中心にバフェットショックが発生。
☆にゃー☆,湘南投資勉強会,ウクライナ戦争終結によって復興のための銘柄高騰
シンタロー,湘南投資勉強会,ビットバンクが上場
なかし,湘南投資勉強会,円安
ユキカゼ,湘南投資勉強会,トランプ政権＆イーロンマスクの影響で日本の株式市場にも追い風となり低迷していたグロース株が物色されて追い風となる。
もりお,湘南投資勉強会,大谷翔平が投手と打者の二刀流でサイヤング賞とホームラン王の同時受賞。スポンサーのセイコーが記念セールや記念モデルを発表し、株価急騰
kenmo@湘南投資勉強会,湘南投資勉強会,ＫＬａｂ(3656)の上場廃止。プライム流通時価総額達成がどうにも厳しそう。高額クオカード優待でワンチャン株価を高騰させてくる可能性もあるが、優秀なゲーム開発人材が多数在籍しており、人材確保を目的に買収したい会社は多そうで上場廃止の予想。
KS,所属なし,アメリカでインフレがなかなか収まらずに、FRBは利下げができない状況に陥る。高金利化で経済は徐々に失速しじわじわと失業が増加、ついにはリセッションに陥るがFRBはインフレ再発懸念から機動的な利下げが出来ずにリセッションは深刻なものへ。市場は暴落する。これが起こるのが来年後半、10月ころ。
BEN,湘南投資勉強会,買収、MBOなとで上場廃止する企業数が2024年以上に増加し、新規上場企業数を大きく上回る。
大笑田,湘南投資勉強会,3月に日経大暴落、1月と3月に利上げの発表があり、特に3月の利上げ発表が大規模な利上げなため、日経平均が3000円以上下がる。
かいとん,湘南投資勉強会,バフェットが亡くなって暴落くる
まちゃ,湘南投資勉強会,井村さんがファンドを立ち上げ、容姿をまねたイムラーが渋谷を闊歩する。なんとアムラー人気を超えた！
グコウさん,神戸投資勉強会,キリンさん名証irで講演行う
ヒデゾー,湘南投資勉強会,トランプ大統領暗殺でトランプショック
ヨシュア,湘南投資勉強会,原発再稼働で東京電力株が800円突破。
roku,湘南投資勉強会,今年も引き続きクオカードラッシュ
かめぞう,湘南投資勉強会,今年前半にウクライナ戦争、中東紛争に一定の区切りがつきエネルギー、穀物、海上運送が好転。欧州景気が好転。円安も相まって自動車(完成車)銘柄が1.5倍以上上昇。
HG,湘南投資勉強会,日産とホンダの提携がうまくいかず、日産株価下落
あいまる,湘南投資勉強会,ロシアとウクライナの戦争が終結する
写楽保介,湘南投資勉強会,またまた大型株が強く、日経平均＋20%
らう,湘南投資勉強会,今年こそ！夏コミで岡三マンのコスプレをしていた気になるアイツが帰ってくる！この影響かなぜか、岡三証券グループの株価が年初より10％上がる。
がっしー会長,神戸投資勉強会,日銀が保有しているETFの売却がはじまる
べいべー,湘南投資勉強会,井村 俊哉　過去の株取引の件で逮捕され、ファンド関連銘柄が爆下げする。
モモクリン,湘南投資勉強会,日経平均が史上最高値更新
だいふく,湘南投資勉強会,自民党と公明党の連立が解除する。
えびす,湘南投資勉強会,ウクライナ戦争終結、世界の株価指数が軒並み上昇ホワイトマンデー、日本株は置いてけぼり（世界の株価指数が5％上昇、日本1％以下の上昇）
くま,湘南投資勉強会,金利差縮小で為替が135円を切る
ちちざっぷ,湘南投資勉強会,グロースブームが来てグロース250指数が年初来2倍(645→1290)をつける
sb9984,神戸投資勉強会,就任前にトランプ大統領が暗殺されダウ、ナスダック共に大幅下落が起き良い買い場となる。
グラッチ,湘南投資勉強会,日産とホンダの経営統合の破断により日産がファンドの傘下になり上場廃止
アリエス,湘南投資勉強会,長年にわたって強い相場が続いてきた米国株が、年央に大天井をつけ、波打ちながら下落を始める。日本株はそれよりややひどい下落となる。
ほーちゃんのパパ,湘南投資勉強会,トランプ大統領の尽力により戦争が停戦となり、資源安・株高になる
ミシチェンコ騎兵団,無所属,ウクライナ停戦
Meril,湘南投資勉強会,米インフレ加速で米株急落、引っ張られて日本株も急落
タッピィ,所属していません,①東証が要請のアップデートや新機軸の提示で、日本株の見え方が大きく変わる。指数はザックリ2割増は堅いので日経平均で48000円を予想した。その余波で退場する銘柄も増え、M&AやMBOによる上場廃止銘柄数が過去最高を更新する（2024年で94社）。
前田嘉一,神戸投資勉強会,"トランプ氏が公約通りウクライナ等で和平を実現。リスク資産が買いやすくなり予想外の株高。アメリカでインフレ。銀行株が大暴騰。
"
オニール好きの投資家,湘南投資勉強会,匠ファンドkaihou（いわゆる井村ファンド）が募集上限額を達成し株クラ民から「欲しいのに買えない」という声が続出、日本のバフェット、井村大明神様と囃され井村さんドヤ顔(๑˃̵ᴗ˂̵)
とおるがfire,湘南投資勉強会,ビットコイン暴落により年末までにセレスの株価が1500円を割る。
なつみ,湘南投資勉強会,バイバックの水準が2024年を上回る。
スカイラー,湘南投資勉強会,自社株買いブームはさらに継続、2024年を超える額の自社株買いが行われる
人間,湘南投資勉強会,日経平均株価が一時的（夏頃）に45000円突破
you,湘南投資勉強会,"25年7月選挙。自民負け観測が強く選挙週の指数ダダ下がり。
結局、ギリギリ票数確保して現状維持。
24年10月選挙と同じく翌日月曜、指数guして俺たちは雰囲気で株をやっている状態に。"
ドルトン,湘南投資勉強会,本業とはほぼ無関係な「量子コンピュータ」という文言が入ったIRを出した直後に、増資を発表する企業が現れ、X上で株クラから非難される。
yume,湘南投資勉強会,JX金属が新規上場
ISO,湘南投資勉強会,1$=120円の円高に進む
マッキー,湘南投資勉強会,日経平均株価45000円
MT,神戸投資勉強会,ドル円が140円台になる
sakumaT,湘南投資勉強会,井村ファンド人気で応募締め切り
こうへい,湘南投資勉強会,日産非上場化
けん,湘南投資勉強会,井村さんに続いて他個人投資家によるfundnote商品がでてくる！
あんこ,神戸投資勉強会,円安が進みドル円170円を超える
Yokabun,湘南投資勉強会,昨年を超える大暴落が発生するが、またすぐに値を戻す。
ごはん,湘南投資勉強会,上がりすぎたアメリカ株の暴落に起因する、TOPIXの下落
まろまろ,湘南投資勉強会,スタンダード、グロース企業が市場に残るため、QUOカードの株主還元を行い、株主還元をまだ実施していない企業に資金が集まる
mindset,湘南投資勉強会,トランプラリーでNYダウ50000ドル突破。
とこいえ,湘南投資勉強会,"日経平均32,000円"
ゆき,湘南投資勉強会,日銀の追加利上げは3月と12月に1回ずつ行われる
ぬる,湘南投資勉強会,年末あたりにトランプとイーロンマスクが喧嘩をして米国株が暴落し、それに伴い日経平均が2000円以上下がる。
とおる,湘南投資勉強会,優待のQUOカードの上限額が設定される
朝昼晩飯,湘南投資勉強会,三菱UFJFGが日本の時価総額1位になる
うわん,神戸投資勉強会,LUUP上場
kazu4565,湘南投資勉強会,石破内閣が辞任し、参議院選挙大敗、自公国の連立　市場は好感して日経平均上
くりご飯,湘南投資勉強会,イーロンマスクとトランプ大統領が仲違いして、政府効率化省を突然クビ。株価20％超下落のテスラショックが起きる
マックス,草を食べて暮らそう会,核戦争 となり 日経平均が半額以下となる
どみの,神戸投資勉強会,井村ファンドの評価額が1.5倍以上に
トモ,湘南投資勉強会,トランプ大統領になり、アメリカもダウナスともに史上最高値更新、日本も日経最高値更新！！
ようこ,神戸投資勉強会,"40,000円が下値になる。辰巳天井で。"
もっぴー,湘南投資勉強会,kaihouファンドの保有発覚でs高連発
きしん,神戸投資勉強会,歴史的下げ幅を昨年から更新する
秋吉義明,湘南投資勉強会,2025年1月に利上げにより日経が2000円以上暴落
kawasemi7,湘南投資勉強会,S&P500が25年高値から20％以上値下がりする。
だいたーん,湘南投資勉強会,自民党大敗により政権を失い野党になるかと思いきや、維新、公明と連立内閣になり、第二次岸田内閣爆誕からの岸田ミクスにより株価爆上げ
めがね,神戸投資勉強会,トランプ主導でウクライナ戦争が終わり、株価一時的に上昇
けむ。,新高値ブレイク投資塾,消費税12％になる
ぼーい。,神戸投資勉強会,日経平均株価が、年前半で37000〜38000円の年安をつけた後、年後半に43000円〜44000円の新高値を取りに行く
ののこ,湘南投資勉強会,2024年に続き2025年もTOBが年間100件超えそうと思わせておいて越えない。
にき,特に所属なし,わからないので相場に合わせる（余計なバイアスをかけたくないため）
きたやん,神戸投資勉強会,夏頃に石破総理が辞任し、株式市場が好感して日経平均が1000円以上上がる。
なのなの,湘南投資勉強会,ホンダと日産の統合破談
ラッキー,神戸投資勉強会,トランプ政権になりロシアとウクライナ戦争が停戦して「油」の価格が下がる。
日生牡蠣,どちらの勉強会にもまだ参加したことがないです,高市早苗が総理になり、日経平均が一時的に6万円を越える
もりたか。,湘南投資勉強会,７月に大災害が起こり、日経平均が32000円近くまで急落する。
neko4979,東京勉強会,グロース市場の低迷続く
ベリーピザ,湘南投資勉強会,"日銀が年内に3回以上利上げを実施し、長期金利が上昇し株価が3,000円以上下落。"
JoJo,湘南投資勉強会,業界再編型の経営統合　＝日産＆Hondaのような大型経営統合が増える
ゆかちん,はじめてです,トランプとイーロンが喧嘩してテスラの株が半値になる。
AK,神戸投資勉強会,TOB、MBOが15０社を超える。
PINO,湘南投資勉強会,参院選で自民大敗。日経平均が一時36000割る
与野,湘南投資勉強会,1ドル130円になり、円安恩恵銘柄は株価が下がる
めそ,湘南投資勉強会,JERAが上場する
くろすけ,湘南投資勉強会,参議院選挙で自民が大苦戦、日経平均が1000円下がる。
かまやき,神戸投資勉強会,総選挙前の万博中に小〜中規模テロが発生し、一時株価が暴落。責任の矛先が維新に向き、維新は大きなダメージを負う。防衛に対する世論の高まりもあり、自民党は与党を死守する。
masa,湘南投資勉強会,アメリカ株(ダウ、ナスダック)が最高値更新
リネラブ,神戸投資勉強会,東証再編によるグロース市場での合併、買収が増加しグロース市場に思惑買いが入り東証グロース250ETF上場来高値更新
さざなみ,湘南投資勉強会,パワパシフィックインターナショナル(7532)   日経平均新規採用
とっしー,湘南投資勉強会,ドル円170円タッチ
甲鉄城のハバネロ,西成投資研究会,自民党　立憲民主党大連立
伊豆太郎,湘南投資勉強会,住信SBIに対してNTTがTOBを実施する。
Bolsa,湘南投資勉強会,夏の参院選で自公過半数割れで日経平均が2000円あがる。
oct,湘南投資勉強会,ドル円170円突破。
豚さがり,湘南投資勉強会,ロシア・ウクライナ戦争が終了し、日経平均が１０００円上昇
たかね,湘南投資勉強会,金利上昇により銀行株が軒並み50%以上上がる。
ボントレ,湘南投資勉強会,ドル建てゴールドの上昇率50%超える
ミキスケ,湘南投資勉強会,ウクライナとロシアの戦争が終わり世界的に株高になる
ポンポコたぬき,湘南投資勉強会,金利上昇により、一時円高125円まで進む。
たぬ吉,湘南投資勉強会,自動車業界再編
なべさん@高配当バリュー投資家,湘南投資勉強会,米国株が20%以上下落の弱気相場入り
ひろやん,無所属（一度、湘南投資勉強会に参加）,日銀追加利上げを0.25％行い、銀行株が軒並み上昇する。
ににもも,湘南投資勉強会,上場廃止銘柄が過去最多で、四季報ページ数が減り少し読みやすくなる。
あきら,神戸投資勉強会,ＴＯＢ・ＭＢＯによる上場廃止が50件以上。新規上場株を上回る。
ayame,湘南投資勉強会,自民党 野党に
イタル,湘南投資勉強会,神戸投資勉強会も法人化する
piyopiyodawan,神戸投資勉強会,井村ファンドが本田ファンドに完敗。
TS開運,湘南投資勉強会,ウクライナ戦争が終結し、欧州のエネルギー環境がよくなり、ドイツ経済など欧州の株価が向上
バンプ,神戸投資勉強会,アメリカ株の暴落
ULTRAGENKI 旧サバイブ,湘南投資勉強会,市場関係者  大不評のクロージングータイム廃止により 225 1万円高
まるのん,湘南投資勉強会,東証上場基準抵触企業がいよいよ名証重複上場に乗り出し、名証が過去にない脚光を浴びて名証上場企業数が2024年度比倍増となる。
はっとり波平,無所属(kabuberry?),"自民党大敗　立憲民主党大勝で、令和ブラックマンデー（下げ幅更新1,500円下げる）が一時的に起きる"
くっすんすん,湘南投資勉強会,ポケトークの上場
たぐけん,湘南投資勉強会,日銀の利上げ可能回数を見透かされ、為替介入するも160円台の円安が定着する。
cocoa,神戸投資勉強会,夏の参議院選で自民党が敗退し、政治の不安定を懸念した暴落。選挙公示日比較で日経2000円超下げる。
明菜,神戸投資勉強会,円高ドル安、金利上昇、物価も上昇で、輸入企業、内需企業、金融業は好調。日経平均は、年内一時45000円になる。
初心,湘南投資勉強会,ロシアによるウクライナ侵攻が一段落して、復興特需銘柄が急騰
ヒロユキ,初参加,TOPIXがS&P500以上のパフォーマンスになる
りんご,湘南投資勉強会,楽天カードがスピンアウト上場。
まつ,湘南投資勉強会,年内に日銀の利上げが行われ、日本国債10年もの利回りが1.5％を超える。
ぱお,湘南投資勉強会,金融所得課税強化が具体的に決まる。3～10億円超の金融所得に対し、税率22.5～25％に増税される。増税の対象となるかどうかで億トレのマウント合戦が発生する。
のりこ,湘南投資勉強会,海運業界が 爆上がりする
さすけ,湘南投資勉強会,トランプショック　米国株暴落
ゆきお,湘南投資勉強会,トランプ大統領の追加関税により日経平均が2000円以上、下がる
フックン,神戸投資勉強会,2025年のTOBの件数が2024年を上回る。
boxman,湘南投資勉強会,トランプとイーロンマスクが仲違い、TESLA が一時的に暴落
鈴木,湘南投資勉強会,大地震発生で日経平均株価大暴落、その後、短期で回復
サントーシー,湘南投資勉強会,株式譲渡益税の増税。26年度よりに25.315%へ
たかたか,神戸投資勉強会,中国の台湾侵攻により日経平均が5000円下がる
9984,湘南投資勉強会,米トランプ新政権の暗号通貨後押しに日本も追従。暗号通貨税制➡株式投資と同様に変更➡暗号通貨関係が一気に盛り上がる
koma,KabuBerry,７～８月ごろに天変地異が起こり日経平均が急落する
野松　隆博,湘南投資勉強会,トランプがドル高是正を言い出し、年末にドル円130円台へ
rokuroku,湘南投資勉強会,グロース250指数850P超え
ぽけもん２,湘南投資勉強会,日経利上げが二回　３月　１１月　0.125が二回
DAIBOUCHOU,湘南投資勉強会,レバナスに引き続き、レバFANG+ファンドへの投資がブームになる。しかし、今年FANG+の株価がついに天井を打って下落し、レバFANG+勢のポストが静かになる。
おいどん,どちらかと言うと神戸,"7月に参院選後、
2、3割に日経TOPIXとも下げるが年末に向け42500円に向かう。"
しも,湘南投資勉強会,内需株・小型株が人気化　東証グロース指数が4桁へ
りんたん,湘南投資勉強会,個人投資家で著名な方が国政選挙に立候補する
フク,無し,ナスダックが20%程度調整する
Y.G.,湘南投資勉強会,BTCに分離課税適用で、メタプラやマネックス等仮想通貨銘柄が急騰
KZお,湘南投資勉強会,儲からないのでどうでもいい
今亀庵,湘南投資勉強会,円安効果で輸出産業中心に日本経済が絶好調で日経平均が一時的に5万円を超える
羽根,神戸投資勉強会,6927 ヘリオステクノTOB
miya,湘南投資勉強会,AI期待が剥落しNASDACが高値から30%の暴落
josui,湘南投資勉強会,TOB件数が年間104件を超えて過去最多になる
ポポ,湘南投資勉強会,グロース250指数が年初来30%以上上昇
opopo,湘南投資勉強会,神戸投資勉強会、湘南投資勉強会、KabuBerryの合同大規模イベントが開催される。
au3（ナカ）,湘南投資勉強会,敵対的買収増加で上場企業が減少。
Grace,湘南投資勉強会,どんなことでも起こりえるので予想はしません。
ボブ,湘南投資勉強会,井村ファンドの組入が発覚した銘柄で10%以上の株価上昇続出
コジエリ,湘南投資勉強会,イーロンとトランプが喧嘩してテスラ株か下がる
おのこ,所属なし,東証のグロース市場改革のにより、グロース株活況となる。
初心者,神戸投資勉強会,ITバブルがおき、東証グロース指数が年末頃に700円になる。
カヌレ,湘南投資勉強会,"トランプ大統領が来日して日経平均が1,000円上がる。"
ウィン,湘南投資勉強会,日銀の追加利上げで株価が一時急落するも、大暴落とはならずに回復する
くろせ,湘南投資勉強会,ドル円170円到達
いち,湘南投資勉強会,日経平均が最高値を更新
SASA,湘南投資勉強会,エンタメ関連銘柄は関税・為替の影響を気にする必要ないので全体的に好調な気がする。
ぷに丸,湘南投資勉強会,衆参同日選挙で自民党大敗→夜間の日経平均先物は大幅下落したけど、織り込み済みでザラ場ではもちなおしてプラス引け
せっきー,湘南投資勉強会,クオカード新設祭り(継続)
ブライ,神戸投資勉強会,ドル円180円突破
マー,湘南投資勉強会,米国でインフレが再燃し、日経が2000円以上下がる
もけもけ山,湘南投資勉強会,日経平均が45000円突破する
さーさ,神戸投資勉強会,夏の参議院選挙後に、日経平均株価が、一週間で4000円上昇する。
蝦名美穂子,くまのもり,"東証が5000円ほど下がるほぼストップ安が
二回来る。"
大陸浪人,湘南投資勉強会,上場廃止の数がIPOの数を上回る
にからご,湘南投資勉強会,イスラエルがハマスと停戦し、原油価格が落ち着く。
タッチ,湘南投資勉強会,日銀の利上げで銀行株が堅調に上がる
Chiharu24,湘南投資勉強会,3月までに米国市場が割高ながら上昇を続け、日本株（225）も2000円以上上昇する
ふくろう,湘南投資勉強会,ビットコインは今年前半バブル続くが年後半についに破裂し、株クラ（主にコサカス）から「ざまぁ」という声が多数あがるも、その後日本株にも下落波及し皆黙り込む
やまにゃん,湘南投資勉強会,なんだかんだで円安が続き、インバウンド復活が続く。→外食・水産関係・ホテル（REIT含む）・鉄道などが恩恵を受けて上昇。
岩田屋,神戸投資勉強会,ゼネコンとサブコンで2倍株が出る
円蔵,湘南投資勉強会,ビットコインが20万ドルに達し、関連銘柄が爆上げする
ごんきち,湘南投資勉強会,高市早苗首相誕生憶測で日経平均が9連騰するが出尽くしで終了するが持ち直す。
NY,神戸投資勉強会,ドイツ選挙野党が勝利。ロシア融和。ガス輸入促進。インフレ鎮静化で利下げ促進。ウクライナ復興も重なりユーロ経済が盛り返す。
Minty,湘南投資勉強会,与党が過半数割れに近い状態になり政治は混乱する。石破さんは引責辞任し、日本初の女性総理として高市首相が誕生する。
日本酒軽,湘南投資勉強会,AIブームが次の段階に入り、農業テック、養殖テック、物流テックなどの実用化に目が向き物色される
fukufukuro,湘南投資勉強会,トランプのドル安誘導の言動、政策により円高基調となる。
のり丸,新高値ブレイク投資塾,2025年7月5日AM４:18に南海トラフ大地震が起こり、株価暴落
あちし,湘南投資勉強会,核融合スタートアップ上場
きよし,湘南投資勉強会,綾瀬はるか結婚。日経平均爆下げかと思いきや、ファーストリテイリングのご祝儀相場で、日経平均がプラスで終わる。
X,神戸投資勉強会,中小型バブル
bamboo7,その他,S&P500大暴落
コブダイバー,神戸投資勉強会,日銀追加利上げにより日経平均3000円の急落
Tommy,湘南投資勉強会,カタログ通販業界の再編、フェリシモと千趣会が合併
TAKAS,湘南投資勉強会,遅れてきた2024年問題！物流と建設業のDX系銘柄がバブる
すっぴー,滋賀投資勉強会,上場廃止企業数が過去最高を更新
ちょる子,湘南投資勉強会,大阪IR、大阪万博により大阪の地価向上。建設株上げ
ほみ株,神戸投資勉強会,円高になり120円台となる
にこいち,四季報investors,大谷翔平に子供が生まれ、ベビーブームに。婚活市場、子供服、おむつ市場が活況、関連会社の株価も上がる。スポーツ好きの女子や女子アスリートに人気が集まる。
ボダ子,初参加,180円まで円安が進むかもしれない。
ビョル,神戸投資勉強会,再度円安が進み160円になる
emi,湘南投資勉強会,今年は日経平均で高値を付ける。つまり、天井をつけること
優子,神戸投資勉強会,春ごろに石破総理辞任、高市総理誕生。経済対策を行い、日経平均が徐々にあがり、年末には45000円を突破する
アクティブばなな。,湘南投資勉強会,建設業、端境期で決算毎に売られる
フィナンシェ,神戸投資勉強会,円安進行160円
saku,湘南投資勉強会,ポケトークがIPO
近藤,湘南投資勉強会,"株式の売却益にかかる税率(特別口座)が約20%から25%に増税。
検討公表時から日経平均が最大2000円程度下がる。"
ひかり,無所属,アメリカで日本の有名人が何かでバズり、その銘柄が2日連続でS高
えむ#,湘南投資勉強会,NTTドコモが住信SBIネット銀行をTOB
キリン@神戸投資勉強会,神戸投資勉強会,"キリンが2倍株を４つ当てる
今年の(心の)流行語「2倍株の神降臨」"
投資家N,神戸投資勉強会,バフェットが日本株の買い増しをする
hiram,湘南投資勉強会,ビットコイン高騰。2024年末比で30%以上上昇する。
ダンベルドア,湘南投資勉強会,日経平均が一時5万円を超えるも、年末には3万円代まで下がる
KM,神戸投資勉強会,日本に来る大津波が夏に発生。日経平均が一時5%以上下落
こいけ,湘南投資勉強会,年前半に日銀が利上げ実施。株価軟調も後半は盛り返す。
牛肉太郎,神戸投資勉強会,円高１２０円代へ
FN,神戸投資勉強会,不法移民問題で治安悪化懸念　防犯関連話題になる
ぼんやり田中,神戸投資勉強会,"ロシアが核兵器を使用して、シェルター関連株が上昇
"
ミラグレーン,湘南投資勉強会,グロース市場改革がわりかし本気でみんなビビる
ロカ,湘南投資勉強会,"夏の参院選で自民党惨敗＆石破退陣を好感して日経平均は一時45,000円超えとなる。"
愛媛のユウ,神戸投資勉強会,日経平均が，史上最高値を昨年に引き続き更新する。
hiro,湘南投資勉強会,ドル安円高で2025年末は140円になる
yss,湘南投資勉強会,大阪万博開催により関西電力株が上がる。
柊,湘南投資勉強会,上場基準の厳格化（主にグロース市場向け）
K,神戸投資勉強会,TOB・MBO件数過去最多
とらほう,神戸投資勉強会,グロース250の上昇率がTOPIX超え
nazuna,湘南投資勉強会,日経平均一時44000円突破
end,湘南投資勉強会,"マッシュホールディングスIPO
ジェラピケの優待で盛り上がる。欲しい。"
むね坊主,神戸投資勉強会,井村ファンド暴騰
SAKANA,湘南投資勉強会,引き続き、株主優待の新設企業の増加
ほくと,神戸投資勉強会,札証、福証、名証の統合
helen,特になし,年初は円安継続。米国利下げに伴い年後半は円高140円台
ヨシ,湘南投資勉強会,米国大統領選挙の前後3日以内に日経平均が3パーセント以上、下落する日がある。
ピノキオ,湘南投資勉強会,井村ファンドが年初来30%増
松本,湘南投資勉強会,今現在株価がもみ合っているが、年始にボックスを上抜けるのではないか
ヒロシ,湘南投資勉強会,鈍化していたEVが売れるようになりニデックなど関連銘柄が復活
いなじぃ,無所属,トランプによる関税引き上げ前に在庫を積み増す動きが活発化。耐久財購入で５大商社株が７月までに上場来高値を更新
しのぴーX＠横綱若三杉,神戸投資勉強会,キリンさん、kenmoさんが更に人気となり、地上波テレビ番組への出演を果たしたり、大手新聞や有名雑誌に登場するようになる。
カズ,湘南投資勉強会,ドル円が170円になる
さふらん,湘南投資勉強会,米トランプ大統領就任後、Xなどでの発言に翻弄され株価が日経平均、ダウともに乱高下する。
momo,湘南投資勉強会,参院選に向け株価はじり下げ、自民惨敗石破退陣で戻し
でこぽん,神戸投資勉強会,井村ファンド開始1週間以内で当初募集上限の100億達成
Cowとれーだー,湘南投資勉強会,インフキュリオンの上場
ロニー,湘南投資勉強会,大型株優位相場が一服し、東証スタンダード指数が日経平均株価をアウトパフォームする。
くま,特になし,"起きてほしくはないが沖縄・台湾近海での大地震で一時的に日経平均が30,000円へ急落"
えむじぇい,湘南投資勉強会,日本は利上げが1回、アメリカが利下げ3回でソフトランディングと言われる。結果、年末の為替は145円に。
お蝶,湘南投資勉強会,日経平均株価45000円超え。
Lily,秋からIR説明会にどちらの勉強会でも参加させて頂いています。,仮想通貨、暗号資産関連銘柄暴落。
やさあた,神戸投資勉強会,6273SMCに空売りファンドがレポート
Ottoto,湘南投資勉強会,"
日銀の利上げにより、メガバンクが新高値更新"
HAL,神戸投資勉強会,デジタル赤字等によるドル不足から円安から逃れられず、円安を好感して株価はおおむね4万円近辺で推移する。
yoshi,湘南投資勉強会,パナソニックが電気自動車の開発を発表。電子レンジ搭載。
あべんどT,湘南投資勉強会,夏に仮想通貨暴落
ごろんちゃん,湘南投資勉強会,2024年に高額クオカードを発表した企業が、上場維持基準を満たしたと思いきやすぐにその株主優待を廃止し、ストップ安となる。
アポロ,湘南投資勉強会,「国家安全保障」が優先され　米中貿易戦争による関税で物価上昇再燃。　中国関連の「レガシー半導体」に影響があるかも。中国不動産問題の悪化　欧州経済は米中貿易摩擦の影響が大きく経済が停滞　政治不信が増加　米国経済は堅調を維持するも金利高の影響で消費が減少株価は大きく調整局面を迎える。
弁天。,湘南投資勉強会,名証が人気となり、新規上場や東証からの移動も含めて会社数が24年の2倍に増加する。
ぺるる,湘南投資勉強会,仮想通貨の国内税制が引き下げとなり、株クラからの鞍替えが起こる。
はるもふ,どちらにも所属していません,IPOより上場廃止銘柄が多い。
_dee,神戸投資勉強会,日経が一時20000円台をつける
タイ,湘南投資勉強会,自社株買いの総額が過去最大となる
お多福。,湘南投資勉強会,石破総理が辞任し日経平均が一時2000円以上上昇する。
イド,湘南投資勉強会,車が空を飛び関連銘柄に注目が集まる（JOBY、トヨタ、伊藤忠）
つま,湘南投資勉強会,"日銀の利上げ見送りで株価が2,000円上がる"
ほしいも,湘南投資勉強会,井村ファンド始動。100億すぐに集まる。運用報告書から銘柄を邪推しようとするイナゴたちで関連セクターが盛り上がる。そのおかげで前半はパフォーマンス良好になるが、年末時点では指数並みのパフォーマンスに落ち着く
sei,湘南投資勉強会,8月5日アゲイン
牛歩,神戸投資勉強会,とはいえ円高にふれる。年末135円（適当）
pekepeke,湘南投資勉強会,内需関連に資金が集まり利益率が改善しているゼネコン・建設関連株が上昇
ぴょん,湘南投資勉強会,USJ､Luup上場
よっしー,湘南投資勉強会,NAADAQが高値更新する
フック船長,どこにも所属していない,分からない
ヒロ,湘南投資勉強会,米国と中国の関税合戦で市場が暴落、上昇を繰り返して振り回される
M,湘南投資勉強会,日銀利上げするも、一時的にには円高にふれるが、円安すすむ。170円以上に
yuyu,湘南投資勉強会,低PBR銘柄に資金が流れる
株島,神戸投資勉強会,NISAの非課税対象がTOPIXなど国内の指数のみに限定される
VASHI,湘南投資勉強会,アメリカ市場の大きめの調整　15%くらい
ゆうと,神戸投資勉強会,公開買付価格が引き上げられる事例が10件以上発生する。
やっしー,神戸投資勉強会,日本株のパフォーマンス（TOPIX）が米国株式指数をアウトパフォームする
よつば,神戸投資勉強会,石破さんから高市さんになり日経が一日で3000以上上がる
一心,湘南投資勉強会,日本でも本格的にインフレが進み株価躍進
ダニエル,湘南投資勉強会,高市内閣成立で日経45000突破
フクミサ,湘南投資勉強会,1月に利上げとなり、銀行株が上がる
タカ@takanovalue,湘南投資勉強会,ベースフードが美味しい焼きそばを作って人気になり話題
ともろん,湘南投資勉強会,アメリカ株が30％以上下落
五十嵐康伸,湘南投資勉強会,名古屋証券取引所が東証と合併
次男坊,神戸投資勉強会,自動車業界の再編に伴い、部品メーカーのTOB、MBOが多発。
こりん《KRN》,湘南投資勉強会,暗号通貨の税規制緩和決定による暴騰
町田,まだ所属できておりません,海外投資家から日本株式市場が再評価される
めろんぱん,湘南投資勉強会,103万円の壁が173万円となることで個人消費が増える、生活関連支出が増える、小売り業指数が20%上昇
ten,所属がわかりません。,下がりきってから、上がりだす。
横浜ジロー,湘南投資勉強会,人手不足、コスト効率化の観点から物流大手の合併（ヤマト、SGホールディングス、NIPPON EX等)
タピ,湘南投資勉強会,日銀利上げで日経36000円を切り、その後45000円を目指す展開になる
本屋,湘南投資勉強会,井村ファンドの成績が40%出て年末の特番とかで話題になる
おとわ,湘南投資勉強会,kenmoさんの保有銘柄時価総額が2倍以上になる
にゃり,湘南投資勉強会,韓国造船で億り人続出
kent,湘南投資勉強会,S&P 500 の年末は6400
かもめ,湘南投資勉強会,御発注さんとイタルさんが対談講演会。コジキが（局所で）ブームになる。
先高,湘南投資勉強会,グロース指数が右肩上がりになり、グロース市場から「2倍株」がたくさん生まれる。
ユーキ,湘南投資勉強会,6666 リバーエレテック　年初来パフォが+50%以上となる
ちゃちゃ,神戸投資勉強会,富士山が噴火、日経平均は一時2000円を超える下げを記録する。
☆にゃー☆,湘南投資勉強会,井村ファンドのイナゴ大発生後、該当銘柄のボラが高まり乱高下後急落
シンタロー,湘南投資勉強会,カカオピッコマが上場
ユキカゼ,湘南投資勉強会,大阪万博の影響で、自分の分身とも言えるAI クローンを体験した人達に周知され、関連銘柄が追い風になるかも。。
kenmo@湘南投資勉強会,湘南投資勉強会,Ｒｅｔｔｙ(7356) の上場廃止。グロース市場改革の流れが加速し、トップライン伸ばせず、収益性も低く厳しい状況のこういった会社が買収されそう。じげんの平尾さんが救いの手を差し伸べるか、飲食店の顧客基盤が欲しい企業等が買収する可能性あり。
BEN,湘南投資勉強会,将来のEPSがきちんと見えるグロース株が見直され買われる株と買われない株と2極化し、徐々に東証グロース市場250指数が700台に回復する。
大笑田,湘南投資勉強会,AI推論分野においてシェアを獲得するユニコーン企業日本約5社、米約3社
かいとん,湘南投資勉強会,上場廃止が過去最多
ヒデゾー,湘南投資勉強会,イーロンマスク暗殺でテスラ暴落
roku,湘南投資勉強会,グロース銘柄の上場維持基準の時価総額４０億円ラインに到達できず上場廃止銘柄が出てきそう。
かめぞう,湘南投資勉強会,円安から海外資本の日本の不動産、特に都内の不動産の購入が再加速し不動産価格が上昇。REITが回復。
HG,湘南投資勉強会,ロシアとウクライナの戦争が終わり、日経平均1000円以上の上げ
あいまる,湘南投資勉強会,グロース指数が夏頃に800ポイントを超える
写楽保介,湘南投資勉強会,トランプパワーでアメリカ株が強く、S&Pが+20%
らう,湘南投資勉強会,JALとANAが合併し、ANALになると大人の事情で色々まずいので結局JALANA（ジャラナ）になる。
がっしー会長,神戸投資勉強会,日経平均が史上最高値を更新する
べいべー,湘南投資勉強会,イーロン・マスクがホロ推しでカバー株爆上がり
モモクリン,湘南投資勉強会,JX金属がIPO
だいふく,湘南投資勉強会,日銀政策金利が0.75%になる
えびす,湘南投資勉強会,仮想通貨のETFがSBI証券から上場
くま,湘南投資勉強会,証券会社にDDOS攻撃が発生し、場中大パニックに
ちちざっぷ,湘南投資勉強会,参院選で与党惨敗をきっかけに日経平均が連日好調になり1000円以上上がる
sb9984,神戸投資勉強会,usスチールの日鉄による買収は認可され、両社共に株価を上げる。
グラッチ,湘南投資勉強会,ウクライナ紛争の終結により瞬間暴騰するもすぐに戻る
アリエス,湘南投資勉強会,各国中央銀行は競って利下げを始め、年央に下落した株価は年末には持ち直し、今年末と同水準になる。
ほーちゃんのパパ,湘南投資勉強会,仮想通貨バブル到来しメタプラネットなどの仮想通貨投資企業が爆益&増える
ミシチェンコ騎兵団,無所属,仮想通貨の暴落
タッピィ,所属していません,②自民党の退潮で、国民民主党が衆参同日選で躍進し、第一党に。代表の留学や海外赴任時代の英語でトランプに食い込み、日本のステータスが安倍総理並みに。株価上昇で①で2割上昇（日経平均48000円）だが、さらに1割は上がり日経平均50000円となる。
前田嘉一,神戸投資勉強会,"エヌビディアの一人勝ち。時価総額も3兆4千億ドルから２倍の5兆ドルに伸長すると予想。
"
オニール好きの投資家,湘南投資勉強会,石破総理が参院選前に退陣するが参議院選挙で自民惨敗、自民政治終わったとマスコミの大合唱も野党仲間割れで自民党政権が続き日経平均株価は乱高下
とおるがfire,湘南投資勉強会,一時130円を割る円高になるが日経平均は年初来安値を下回ることなく堅調。
なつみ,湘南投資勉強会,TOPIX改革もありTOB･MBOは増加。
スカイラー,湘南投資勉強会,アクティビストの活動がさらに活発化、株主提案の数が2024年を超える
人間,湘南投資勉強会,GROOVE X株式会社がIPO
you,湘南投資勉強会,NISA損益通算が可能になる。
yume,湘南投資勉強会,カカオピッコマが新規上場
マッキー,湘南投資勉強会,円安160円
MT,神戸投資勉強会,トランプ就任後NYダウが41000まで下がり、日経平均も37000付近まで下がる
sakumaT,湘南投資勉強会,なんやかんやでドル円150円～155円あたりで年末落ち着く。
こうへい,湘南投資勉強会,ドル円200円
けん,湘南投資勉強会,任天堂新ハード発売なのに出尽くしで下げる
Yokabun,湘南投資勉強会,カブアンドが上場申請を行う。（カブアンド申し込みはしませんが笑）
ごはん,湘南投資勉強会,トランプの貿易政策に起因する貿易不振（対中輸出など）
まろまろ,湘南投資勉強会,イーロンマスクが日本に来日して日経平均が週間で1000円以上上がる。
mindset,湘南投資勉強会,石破退陣発表で日経平均3000円上昇。
ぬる,湘南投資勉強会,3月に日銀が利上げするが、株価に影響はない
朝昼晩飯,湘南投資勉強会,日本製鉄のUSスチール買収がトランプ大統領の判断により一転成立へ
うわん,神戸投資勉強会,キャディ上場
kazu4565,湘南投資勉強会,トランプ大統領就任によるまさかの円高
くりご飯,湘南投資勉強会,AIブームから量子コンピュータブームへ転換
マックス,草を食べて暮らそう会,日本侵略で日経株価半額になる
どみの,神戸投資勉強会,台湾危機が発生しそれにより防衛株系が２割以上上がる
ようこ,神戸投資勉強会,"７月と８月に暴落がおきる。自然災害または政変が原因。2,000円は下げる。"
もっぴー,湘南投資勉強会,上半期に為替が130円付近まで円高に触れる
きしん,神戸投資勉強会,自社株買いの更なる増加
秋吉義明,湘南投資勉強会,TOB/MBOの数が過去最高を記録する
だいたーん,湘南投資勉強会,トランプ大統領により、前半インフレ継続するも経済好調、株価好調、後半ロシア、ウクライナを和解させ、インフレを抑えるも、経済不調になり株価下落する
めがね,神戸投資勉強会,中国政府の政策により中国株の上昇が年末まで続く
ののこ,湘南投資勉強会,日経平均株価−1000円下げが3日連続起こる。
きたやん,神戸投資勉強会,"金利政策の引き続き影響

2024年に続き、2025年も中央銀行、特に米連邦準備制度（FRB）の金利政策が株式市場に大きな影響を与える。"
なのなの,湘南投資勉強会,仮想通貨取引業者が上場（ビットフライヤー、コインチェックなど）
ラッキー,神戸投資勉強会,トランプ政権になり円高が進む。130円台になる。
日生牡蠣,どちらの勉強会にもまだ参加したことがないです,オリエンタルランド　ファンドの大量保有報告などをきっかけに上昇トレンドへ、一転上場来高値を更新
neko4979,東京勉強会,金融株の上昇
ベリーピザ,湘南投資勉強会,トランプ就任により、4回以上の利下げが行われ、日米金利差が縮まり１ドル＝135円まで到達。
JoJo,湘南投資勉強会,敵対的買収提案が増える
ゆかちん,はじめてです,TOYOTAなどの自動車セクターに資金が入り日経平均が44000円の高値を付けた後に下落する。
AK,神戸投資勉強会,IPO社数が大幅に減る。７０社を切る
PINO,湘南投資勉強会,国内でインフレすすむも可処分所得は上がらず、国内外食チェーン企業の株価が年初の価格上回れず下落。
与野,湘南投資勉強会,ロシア・ウクライナ戦争は停戦でエネルギー価格が下がる
めそ,湘南投資勉強会,6755  富士通ゼネラルの売却話が決着する
くろすけ,湘南投資勉強会,日銀利上げ（1月下旬）、材料出尽くしでREIT指数が上げ基調に。
かまやき,神戸投資勉強会,国民の政策不満が高まり、総選挙にて国民民主党が躍進して一時株価が不安定になる。
masa,湘南投資勉強会,テスラが年初から２倍になる
リネラブ,神戸投資勉強会,東証再編の影響から優待制度を導入する企業が増加しNISA資金が流入し日経平均が底堅い動き
さざなみ,湘南投資勉強会,ベイカレント(6532)   日経平均新規採用
とっしー,湘南投資勉強会,マザーズ5年ぶりの陽線
伊豆太郎,湘南投資勉強会,1ビットコイン2千万円を超え、あんなものは信用できん！と言っていた株クラ達も遂にビットコイン投資に動き出す。
Bolsa,湘南投資勉強会,中東・ウクライナで戦争が終結し、金価格が10000円割れる。
豚さがり,湘南投資勉強会,石破ショックが起き、日経平均が-10%
たかね,湘南投資勉強会,クオカード優待に規制がかかる。
ボントレ,湘南投資勉強会,グロース250の年間上昇率が日経平均の上昇率を超える
ミキスケ,湘南投資勉強会,TOBが過去最多になる
ポンポコたぬき,湘南投資勉強会,REITがゴミ箱だということがばれて大暴落。利回り10%以上の銘柄もでる。
なべさん@高配当バリュー投資家,湘南投資勉強会,ドル円が一時130円割れ
ひろやん,無所属（一度、湘南投資勉強会に参加）,石破総理が辞任し、株式市場が好感して日経平均が1日で5％以上上昇する。
ににもも,湘南投資勉強会,場中決算が減り、15時30分以降に決算開示をする企業が増える。（希望です）
あきら,神戸投資勉強会,金融所得課税の増税が発表される。
ayame,湘南投資勉強会,石破総理大臣 退陣。
イタル,湘南投資勉強会,上場維持基準を満たせない企業が高額クオカード連発
piyopiyodawan,神戸投資勉強会,引けオークション1年で廃止。
TS開運,湘南投資勉強会,GENDAが新たに3社以上買収する
バンプ,神戸投資勉強会,アメリカ金利の暴落
ULTRAGENKI 旧サバイブ,湘南投資勉強会,オリエンランドによるディズニー買収により米国市場大暴落
まるのん,湘南投資勉強会,竹入氏・井村氏ファンドの組み入れ銘柄が随所で高騰してαが瞬時に充足される。結果、ファンドの取引回転数が意図せず向上し驚異的なパフォーマンスになる。
はっとり波平,無所属(kabuberry?),トランプ外交で、防衛銘柄（三菱重工業）が2025年末で20%上昇
くっすんすん,湘南投資勉強会,井村さんイナゴ効果により井村さんファンドの成績が各種指数を上回り大人気に。
たぐけん,湘南投資勉強会,4月からGPIF日本株比率引上げに伴い、年前半は日経平均が10％以上上昇する。
cocoa,神戸投資勉強会,ドル・ユーロ相場大きく変動し、１ユーロ＝0.8ドルを割り込む。
明菜,神戸投資勉強会,アメリカ市場は好調維持と予測で、日本企業もある程度牽引されそうだが、現時点では割高。
初心,湘南投資勉強会,1ドル170円台に到達、輸出銘柄が引き続き好調に
ヒロユキ,初参加,ビットコイン20万ドル一時突破
まつ,湘南投資勉強会,石破首相による解散総選挙により、衆参同時選挙が行われ自民党がどちらも過半数を割る。これを受けて日経平均が1万円下がる。
ぱお,湘南投資勉強会,中国経済が失速し、中国外への資金流出が加速する。日本の不動産価格が上昇し、不動産株も幅広く買われる。
のりこ,湘南投資勉強会,原発が再稼働し 電力系の株が全て上がる
さすけ,湘南投資勉強会,井村さんに続いて有名人ファンドが爆誕
フックン,神戸投資勉強会,バフェットが新たな日本株として半導体素材銘柄を購入が明らかに。
boxman,湘南投資勉強会,日経平均史上最高値更新
野松　隆博,湘南投資勉強会,夏の参院選で自民・公明が負け、国民民主との連立政権となる。減税にスポットがあたり、グロース株が復活する。
rokuroku,湘南投資勉強会,北野誠さんのラジオ日経の番組復活
ぽけもん２,湘南投資勉強会,USスチールと日本製鉄がトランプ大統領のつるのひとことで交渉がすすむ
DAIBOUCHOU,湘南投資勉強会,"Kaihouファンドはすぐに売り切れになり、買えなかった人のポストで少し炎上気味になる。
Kaihouファンドの組入銘柄が明らかになるたびにイナゴが追従買いして株価が上がる。Kaihouファンドが買いそうな銘柄の先回り買いを狙う投資家が増える。"
しも,湘南投資勉強会,東証　グロース市場の退場基準と受け皿市場が発表
Y.G.,湘南投資勉強会,年後半から仮想通貨市場の暴落でリスクマネーから資金抜け、ダウとナスダックが1週間で10-20%の急落
KZお,湘南投資勉強会,儲からないのでどうでもいい
今亀庵,湘南投資勉強会,参議院選挙で自民党が大敗して、高市氏が自民党総裁に。国民新党と連携して、株式相場が急騰
羽根,神戸投資勉強会,3591  ワコールMBO
josui,湘南投資勉強会,上場企業による自社株買い総額が年間17兆円を超えて4年連続で過去最高になる
ポポ,湘南投資勉強会,綾瀬はるかが結婚して株式市場が暴落する
opopo,湘南投資勉強会,KabuBerryが福岡でイベントを開催する。
ボブ,湘南投資勉強会,トランプの関税引き上げショックで日経平均2000円下落
おのこ,所属なし,東証サイバー攻撃で一時取引停止
カヌレ,湘南投資勉強会,イーロンマスクが来日して、宇宙関連株が上がる。
ウィン,湘南投資勉強会,沖縄に新テーマパーク、ジャングリアがオープンし、サンエー等の沖縄関連銘柄が高騰、オリオンビールのIPO時の初値も高騰する
くろせ,湘南投資勉強会,アメリカ10年債の利回りが再度5%を突破
ぷに丸,湘南投資勉強会,「グロースにあらずんば株にあらず」が、今年こそ株クラの流行語になる
せっきー,湘南投資勉強会,TOB/MBOの機会増(継続)
ブライ,神戸投資勉強会,ダウ平均を日経平均がアウトパフォームする
マー,湘南投資勉強会,為替が再び160円となり為替介入する
さーさ,神戸投資勉強会,エヌビディア株価下落が影響し、日経平均株価が2000円下落する。
蝦名美穂子,くまのもり,"更にTOBが増えて、親子上場が淘汰され、
上場企業が少なくなる。
"
大陸浪人,湘南投資勉強会,夏か秋に石破さんが辞任して日経平均が1000円以上上昇。第二次岸田内閣爆誕でさらに日経平均上昇
にからご,湘南投資勉強会,日本製鉄、USスチールを買収する方針に話が進む。
タッチ,湘南投資勉強会,ニンテンドースイッチ2の発売日が発表され、一旦株価が下げるが発売日に向けてまた上がっていく
Chiharu24,湘南投資勉強会,8月に米国株が崩れて、日本株（225）も2000円以上下落する
ふくろう,湘南投資勉強会,井村ファンド月報での開示銘柄に毎月過剰反応が起こり、ついに月報での銘柄開示を取りやめることになってしまう。
やまにゃん,湘南投資勉強会,J-REITがダメ押しの暴落で春にかけて一時利回り６％ごえ、その後、ホテルREITや、東京都心物件の比率が大きいオフィスREITなどが、強い賃料水準を背景に堅調な展開に。
ごんきち,湘南投資勉強会,株の譲渡益にかかる税率が20%→15%に引き下げられる法案が提出される。
Minty,湘南投資勉強会,高市氏は首相就任前からトランプ氏と会談を実施し、日米関係をアピール。海外投資家からの日本への期待が高まる。
日本酒軽,湘南投資勉強会,数年後には量子コンピューターが暗号資産のセキュリティを破壊する懸念が話題になる、暗号資産やその関連が暴落
のり丸,新高値ブレイク投資塾,原価高騰や人件費をこなせない企業が続出して、株価が下がる現象が多発
あちし,湘南投資勉強会,上場廃止企業150社超え
きよし,湘南投資勉強会,1ドル170円にタッチする
bamboo7,その他,グロース市場の時代、グロース250指数の年初来リターン+20%
Tommy,湘南投資勉強会,シャトレーゼが上場
すっぴー,滋賀投資勉強会,日経平均が20％以上のドローダウンが2回発生
ちょる子,湘南投資勉強会,トランプさんのツイートでボラが高まる。VIX30くらいになる。
にこいち,四季報investors,トランプ大統領とイーロン・マスクが手を組み、防衛産業、宇宙産業、空飛ぶ車産業に乗り出す。
ボダ子,初参加,深刻な台湾有事により、世界的に株価が一時的に下がるかもしれない。台湾有事ショック！？
ビョル,神戸投資勉強会,年初来2倍が150銘柄超える
優子,神戸投資勉強会,トランプ大統領が就任し、円高になり、春にはドル円145円になる。
フィナンシェ,神戸投資勉強会,日経平均過去最高値45000円到達
saku,湘南投資勉強会,みんなのマーケットがＩＰＯ
近藤,湘南投資勉強会,ロシアウクライナ戦争が終結し、円高株高が進む。
ひかり,無所属,秋頃にバフェットさんが日本株を買い、その銘柄が3日連続でＳ高
えむ#,湘南投資勉強会,ビットバンクが新規上場
キリン@神戸投資勉強会,神戸投資勉強会,ドル円165円タッチ
投資家N,神戸投資勉強会,大震災が起こり、大暴落が起きる
ダンベルドア,湘南投資勉強会,円高で海外旅行費用が安くなり旅行関連の銘柄から2倍株が続出する
KM,神戸投資勉強会,トランプ大統領になっても日本製鐵のUS Steelの買収が却下され、一時日本製鐵の株価が５％以上下がる
こいけ,湘南投資勉強会,利上げで銀行株が一段高。特に割安感のある一部地銀が高パフォーマンスに。
牛肉太郎,神戸投資勉強会,ゴールドの値上がり２０％以上
ロカ,湘南投資勉強会,"ビットコイン急騰を受けてMONEXが一時2,000円を超える。"
愛媛のユウ,神戸投資勉強会,TOB/MOB・上場廃止の数 > IPOの数という関係になり，東証の上場企業数は減ることになる。
hiro,湘南投資勉強会,"アメリカ株のクラッシュが起こりつられて日経2,000円以上下落する日アゲイン"
yss,湘南投資勉強会,広島の観光客が増え、インバウンド関連株が上がる。
柊,湘南投資勉強会,既存のグロース市場企業に対する、上場維持基準厳格化
K,神戸投資勉強会,井村ファンドTOPIXに敗北
とらほう,神戸投資勉強会,REITの下落傾向が継続
end,湘南投資勉強会,"アンドパッドかフォトラクションIPO
建設DXの年に"
むね坊主,神戸投資勉強会,台湾関連で日本株下落
ほくと,神戸投資勉強会,ソニーとパナソニックの経営統合
ヨシ,湘南投資勉強会,日本の参院選の前後3日以内に日経平均が3パーセント以上、下落する日がある。
ピノキオ,湘南投資勉強会,井村ファンドの組入銘柄がイナゴ力で各々20%高となる
松本,湘南投資勉強会,トランプ大統領の貿易政策で関税引き上げによりインフレが加速し、より円安に傾いていく
いなじぃ,無所属,GPIFが運用利回りを良くするために国内外株の割合を増やし、債券比率と株式比率の構成割合が逆転する
しのぴーX＠横綱若三杉,神戸投資勉強会,1日で5%を超える日経平均株価の下落が複数回発生する。（結果、退場する人も。。。）
さふらん,湘南投資勉強会,S＆P500が高値更新。
momo,湘南投資勉強会,高額優待（QUOカードなど）10社以上新設
でこぽん,神戸投資勉強会,高利回りQUOカード銘柄の優待廃止でホルダー阿鼻叫喚
Cowとれーだー,湘南投資勉強会,ピッコマの上場
ロニー,湘南投資勉強会,スタンドアローンでの生成AI処理は主流にならず、NPU搭載のPCやスマホは躍進しない。従ってNPUは市場のテーマとして盛り上がらない。
えむじぇい,湘南投資勉強会,大企業が強い流れが続くが、円高効果により日経平均よりもトピックスが優位な展開となる。
お蝶,湘南投資勉強会,NYダウ5万ドル超え。
Lily,秋からIR説明会にどちらの勉強会でも参加させて頂いています。,アメリカと中国の貿易戦争激化で中国関連株暴落。
やさあた,神戸投資勉強会,6668アドテックプラズマテクノロジー 25/08月期決算で棚卸資産回転日数が1年(365日)を超える
Ottoto,湘南投資勉強会,株主還元強化で高配当株が増える
HAL,神戸投資勉強会,引き続き自社株買いが旺盛で、過去最高、12兆円を超える。
yoshi,湘南投資勉強会,トランプ大統領とイーロンマスクが喧嘩しテスラ株暴落。
あべんどT,湘南投資勉強会,仮想通貨の税制改正、申告分離課税へ
ごろんちゃん,湘南投資勉強会,テスタさんが証券会社のCMに出演する
アポロ,湘南投資勉強会,「自動運転」の技術が飛躍的に伸びる　テスラが日本車を大きく引き離すか？
弁天。,湘南投資勉強会,夏の参議院選挙で自民党が大敗し、国民民主が政権を取れば株価は45000円台まで急騰。立憲民主党が取れば株価は2000円以上暴落する。
ぺるる,湘南投資勉強会,ウクライナロシア停戦、復興関連銘柄が上がる。
はるもふ,どちらにも所属していません,バフェットが銀行株(三菱UFJ、三井住友、みずほ)大量保有報告書提出
タイ,湘南投資勉強会,配当の総額が過去最大となる
お多福。,湘南投資勉強会,パウエル氏辞任しトランプ大統領高関税政策により他国含め株価一時的に2000円以上下落する。
イド,湘南投資勉強会,進まないＧＸで水素が注目を浴び、天然ガス価格が上がる
ほしいも,湘南投資勉強会,日産やホンダの経営統合をはじめとする、大型の経営統合が活発化。他業種でよ業界再編の動きが出る。
sei,湘南投資勉強会,苦悶の６ヶ月連続　日経下落
pekepeke,湘南投資勉強会,地銀再編。複数の地方にまたがるメガ地銀が複数誕生。
ぴょん,湘南投資勉強会,湘南神戸勉強会､テレビ出演
よっしー,湘南投資勉強会,kaihouファンドが10%以上のリターンを出す
ヒロ,湘南投資勉強会,ビットコインが20万ドル突破
M,湘南投資勉強会,アメリカ強く最高値更新するも日本は弱い
VASHI,湘南投資勉強会,日本の金利上昇もインフレの好循環と捉えられ海外資金が入ってきて一日千円以上のプラス
ゆうと,神戸投資勉強会,TOB・MBOが110件以上実施される。(去年は上場維持するものも含めて100件実施)
やっしー,神戸投資勉強会,東証から上場廃止する銘柄数が過去最多を更新
一心,湘南投資勉強会,逆イールド解消が進みリセッション
ダニエル,湘南投資勉強会,トランプ政策、出尽くしで、年後半にｓｐ20％下落
タカ@takanovalue,湘南投資勉強会,億トレが闇バイトの被害者となり株クラ恐怖に追い込まれる
五十嵐康伸,湘南投資勉強会,福岡証券取引所が東証と合併
次男坊,神戸投資勉強会,任天堂がSwitch次世代機発売で最高値更新
ten,所属がわかりません。,想定外
本屋,湘南投資勉強会,人手不足が原因で倒産する上場企業が出てくる。
おとわ,湘南投資勉強会,円安がさらに進み、1ドル175円を超える
にゃり,湘南投資勉強会,QUOカード優待廃止企業が増える
kent,湘南投資勉強会,為替ドル円の年末は140円
かもめ,湘南投資勉強会,FX戦士くるみちゃんに続く、投資系で流行る漫画がでてくる。
ユーキ,湘南投資勉強会,5802 古河電工　年初来パフォが+50%以上となる
ちゃちゃ,神戸投資勉強会,7月の参院選では与党が惨敗。責任を取って石破に代わり高市氏が首相に。初期は株式市場も好感していたが、政策面の失望、支持率下落とともに日本株も軟調。
☆にゃー☆,湘南投資勉強会,トランプ政策により、中国に影響のある製造系の銘柄は上値が重くなる
シンタロー,湘南投資勉強会,インフキュリオンが上場
kenmo@湘南投資勉強会,湘南投資勉強会,ＣＩＮＣ(4378)の上場廃止。グロース市場改革の流れが加速し、トップライン伸ばせず、収益性も低く厳しい状況のこういった会社が買収されそう。社長も一旦事業をどこかに売却して、新たなビジネスを立ち上げたい時期に来ているのではと妄想(あくまで妄想)
BEN,湘南投資勉強会,水道インフラに問題が発生し、2325 NJS.5262  日本ヒュームなど水道関連銘柄が買われる。
大笑田,湘南投資勉強会,大手ゼネコンの倒産、変革できなかった地方銀行の合併や倒産が相次ぐ。
かいとん,湘南投資勉強会,グロースバブル 指数が年初来20%超える
ヒデゾー,湘南投資勉強会,バフェットさん商社株売り抜け、商社株暴落
roku,湘南投資勉強会,井村ファンド、、、手数料高いよーーーって言われながらもいっぱいお金が集まる。
かめぞう,湘南投資勉強会,今年前半に米国市場でフラッシュクラッシュが発生。日本株も一時的に日経平均PBR 1.4倍→1.2倍程度まで下がる。(2024/8/5はPBR1.1倍まで下落)
HG,湘南投資勉強会,1ドル100円台の円高ドル安で、日経平均が暴落、1日で2000円以上下げる日もある
あいまる,湘南投資勉強会,CAMPFIREが上場する
写楽保介,湘南投資勉強会,小型株は弱く−10%
がっしー会長,神戸投資勉強会,政府が為替介入を1回行う
べいべー,湘南投資勉強会,ホロライブメンバーが紅白に出場。カバー株爆上がり。
モモクリン,湘南投資勉強会,ポケトークがIPO
だいふく,湘南投資勉強会,東京カンテイ上場
えびす,湘南投資勉強会,上場基準を守れず名古屋条件取引所に市場変えを行う会社が大量発生（10銘柄以上）
くま,湘南投資勉強会,キリンさんが資産が毎年のことながら退場ですと言いながら資産YHをポストする
ちちざっぷ,湘南投資勉強会,井村ファンドが初年度から運用成績10%以上をたたき出し、久しぶりにメガネクイッのドヤ顔が見れる
グラッチ,湘南投資勉強会,円安進行で一時170円割れ。円安メリット銘柄見直される
ほーちゃんのパパ,湘南投資勉強会,高額療養費制度の段階的改正で一部の疾患で医療崩壊が起きて、大手製薬会社の株価が下落する。(GE医薬品の製薬会社と漢方薬の製薬会社などは除く)
前田嘉一,神戸投資勉強会,"任天堂Switchの新型にエヌビディア最新チップセットT239が搭載決定。品薄状態が続き、任天堂株は２倍の２万円を超えると予想。
"
オニール好きの投資家,湘南投資勉強会,トランプ大統領とイーロンマスクが大喧嘩!!イーロンマスクがホワイトハウスを去る、テスラ株が大暴落するかと思いきや意外にも無風
なつみ,湘南投資勉強会,日銀は春闘前のデータ確認で25bsp利上げ実施。
スカイラー,湘南投資勉強会,AIエージェントがバズワード化して、言及する上場企業が続出する
人間,湘南投資勉強会,ウクライナ停戦　復興需要でコマツ（6301）上昇
you,湘南投資勉強会,3月パンローリングSTF×ussi講演で指数天井つけてダダ下がりの日々に突入。24年パンローリングイベントで41000かんぱーいしてからダダ下がった二の舞はずかむ。
yume,湘南投資勉強会,日経平均が最高値を更新
マッキー,湘南投資勉強会,株価暴落20％下落する
sakumaT,湘南投資勉強会,ロシアウクライナ戦争がついに終わり、世界的な株高で日本株も恩恵を受けて上がる。
こうへい,湘南投資勉強会,自動車関連の日本株10銘柄以上が2倍株になる
けん,湘南投資勉強会,バイオテックの時代、ハートシードに続くips関連銘柄が上場
Yokabun,湘南投資勉強会,日本取引所グループが大谷翔平をＣＭに起用
ごはん,湘南投資勉強会,国内自動車産業の不振
まろまろ,湘南投資勉強会,トランプ大統領が米国製防衛品の売り込みを実施して一時的に防衛関連銘柄の株価が下落する
mindset,湘南投資勉強会,日銀利上げ2回で0.75に。
朝昼晩飯,湘南投資勉強会,ドル円120円割れる
うわん,神戸投資勉強会,nosh（ナッシュ）上場
くりご飯,湘南投資勉強会,FRBが「インフレヤバいので利下げ0回」発表。何にも関係のない日本がまたしても暴落直撃する。
マックス,草を食べて暮らそう会,移民が増加し 移民 雇用関係の会社の株価が増加する
どみの,神戸投資勉強会,上場廃止株が2024年よりも1.5倍以上増加
秋吉義明,湘南投資勉強会,民主党政権になり、日経が20%高騰
だいたーん,湘南投資勉強会,仮想通貨バブル、今が頂点かと思いきや、さらなるバブルにより、仮想通貨による億り人量産が量産され、仮装通貨の儲けにより、経済的自由を手に入れる人が大量に出て、仮想通貨ファイヤーが流行語大賞に選ばれる
めがね,神戸投資勉強会,1兆円を超える大企業のM&A案件増える
ののこ,湘南投資勉強会,白石麻衣ショックで日経1000円前後急落。
きたやん,神戸投資勉強会,2024年に引き続き、AI（人工知能）や生成AI技術に関連する企業が注目されることになる。特にNVIDIAやMicrosoft、Googleなど、AI技術を活用した企業は新たな成長分野として株価を押し上げる要因になりそう。
なのなの,湘南投資勉強会,ベンチャー企業向け新市場創設（グリーンシートのようなもの）の動き
日生牡蠣,どちらの勉強会にもまだ参加したことがないです,CoCo壱番屋　カツカレーブームで、ヨーロッパでの店舗が倍増
neko4979,東京勉強会,大型株レベル企業の海外ファンドによる買収
ベリーピザ,湘南投資勉強会,生成AIの自動売買ファンドが設立され、取引回数が爆増。システム障害でNY証券取引市場が一時停止に追いやられる。
AK,神戸投資勉強会,台湾有事で大暴落…も結局すぐリバる
与野,湘南投資勉強会,衆参両院同時選挙で自民党が勝利し株価が上がる
めそ,湘南投資勉強会,7105  三菱ロジネクストの売却話が決着する
かまやき,神戸投資勉強会,今まで放置されてきた社会保障改革と減税、小さな政府案、サイバーセキュリティ案がついに小さく動く。医療費削減に繋がる予防医療関連銘柄ととサイバーセキュリティ銘柄が盛り上がる。
リネラブ,神戸投資勉強会,トランプ政権がウクライナ侵攻を停戦させインフレ抑制するが政策によるインフレ再燃懸念
さざなみ,湘南投資勉強会,オリオンビール　新規上場
伊豆太郎,湘南投資勉強会,トランプ大統領とイーロン・マスクが喧嘩別れ。テスラの株価が大暴落。
Bolsa,湘南投資勉強会,ビットコインが150000ドル達成し、その後75000ドルまで暴落
豚さがり,湘南投資勉強会,東証の上場維持基準を満たせない会社が、名証へ移動
たかね,湘南投資勉強会,株結局還元（配当・優待）が継続する。
ボントレ,湘南投資勉強会,年末時点で1ドル135円より円高になっている
ポンポコたぬき,湘南投資勉強会,"日銀利上げより、日経平均株価が一時30,000円まで暴落。"
なべさん@高配当バリュー投資家,湘南投資勉強会,小型株の復活。TOPIXsmall指数がTOPIXcore30指数を20%以上上回る。
ひろやん,無所属（一度、湘南投資勉強会に参加）,アメリカ市場一強を懸念した売りが進み、トランプショックが起きる。
ににもも,湘南投資勉強会,日本国内の治安が更に悪化。闇バイトが株関連の封筒を沢山届けている資産家を狙った事件が発生し、配当金支払通知書等のWEB化が加速する。
あきら,神戸投資勉強会,日銀が保有ＥＴＦの売却を公表。
ayame,湘南投資勉強会,nvidia 時価総額 世界一位に。
イタル,湘南投資勉強会,上場維持基準を満たせない企業が名証に民族大移動
piyopiyodawan,神戸投資勉強会,夏に高市総理下で日経45000円突破。
TS開運,湘南投資勉強会,井村ファンドのイナゴが大量発生
ULTRAGENKI 旧サバイブ,湘南投資勉強会,クマ🐻駆除の呪いにより スーパーベア相場突入により ２２５ 9696円 クロクロへ
まるのん,湘南投資勉強会,2024年はTOB元年で届け出ベースで100件を超過したが、2025年は2017年の104件を超えて、過去最高件数の年となる。
はっとり波平,無所属(kabuberry?),"上場維持基準未達企業（プライム、スタンダード、グロース）が発生し、上場廃止となる企業がでてきて、未達ショックが一時的に発生（日経平均1,000円ほど下げる）"
くっすんすん,湘南投資勉強会,kenmoさんが「個人投資家のための、IRの読み解き方」的な本を出版する
たぐけん,湘南投資勉強会,25年春闘でも持続的な賃上げが実現して、実質賃金プラスが定着する。
cocoa,神戸投資勉強会,京浜急行電鉄と京成電鉄が合併。
明菜,神戸投資勉強会,トランプ相場で、1日1000円の上げ下げは、月1程度必ず起こり、3000円程度の暴落は、年に2回起こる。
初心,湘南投資勉強会,日経平均が36000円台と42000円台を往来するボラティリティが高い相場に
ヒロユキ,初参加,1ドル180円一時突破
ぱお,湘南投資勉強会,予想外にアメリカの景気が低迷し、アメリカ政策金利が3.0％以下までの利下げが進む。ドル円は130円以下まで円高が進む。
のりこ,湘南投資勉強会,レーザーテックが 3万円を回復する
さすけ,湘南投資勉強会,USJ上場
boxman,湘南投資勉強会,為替ドル円 170円
rokuroku,湘南投資勉強会,テスタさん有名人と結婚
ぽけもん２,湘南投資勉強会,化石燃料が復活する　カナダの石炭炭鉱が復活する。
DAIBOUCHOU,湘南投資勉強会,大型株優位の相場がリターンリバーサルで小型株優位の相場になる。日経平均より東証小型株指数の年間上昇率が高くなる。
しも,湘南投資勉強会,銘柄集中NISA投信勢が円高や対象銘柄安で損切りが相次ぐ　　インドとかGAFA+とか
Y.G.,湘南投資勉強会,ゴールドが3000USD突破
KZお,湘南投資勉強会,儲からないのでどうでもいい
羽根,神戸投資勉強会,2294 キューソー流通TOB
josui,湘南投資勉強会,上場廃止銘柄数が新規上場銘柄数を上回る
opopo,湘南投資勉強会,年末に為替140円以下になり日経平均も37250円と年を終わってみれば苦しい展開
おのこ,所属なし,2倍株が2024年の倍以上になる（期待を込めて）
カヌレ,湘南投資勉強会,シャトレーゼが上場。
ウィン,湘南投資勉強会,M&Aのさらなる活性化に伴い、M&A関連企業（M&AアドバイサーやPEファンド）が新高値を獲得する会社多数
くろせ,湘南投資勉強会,金融所得課税が現在の20%から増税されることが決定
ぷに丸,湘南投資勉強会,湘南投資勉強会、神戸投資勉強会、Kabu Berry が、日経新聞で取り上げられる
せっきー,湘南投資勉強会,アクティビストによるプレッシャー(継続)
ブライ,神戸投資勉強会,今年も再編が進み、2024年以上に上場廃止する企業が増える。
マー,湘南投資勉強会,日銀が利上げを再度行い、植田ショックが再来する
さーさ,神戸投資勉強会,ホンダと日産自動車との経営統合が合意に至らない報道後に、日経平均株価が1500円下落する。
蝦名美穂子,くまのもり,極端なセクター安になったり高くなったりする
大陸浪人,湘南投資勉強会,クオカード優待が国税庁に目をつけられ、クオカード優待廃止ムーブメント発生
にからご,湘南投資勉強会,"投資熱が継続して日経平均44,000円に到達する。"
タッチ,湘南投資勉強会,大阪万博の影響で周辺のホテルなどの関連銘柄の売り上げが上がる
Chiharu24,湘南投資勉強会,参議院選挙で自民党が負けて過半数割れ、石破首相退任しても中国寄りの後継者で日本株は1000円以上下落する
ふくろう,湘南投資勉強会,過剰な株主優待続出に業を煮やした国税庁がついに重い腰をあげ大物優待投資家が脱税で挙げられてしまい優待株投資界隈に衝撃がはしる。
やまにゃん,湘南投資勉強会,インフラファンド（太陽光）が基準価額下落と高利回りを背景にスポンサーにTOBされ、さすがに安いので夏場以降に買われ始める。
ごんきち,湘南投資勉強会,フランチャイズビジネスインキュベーションが上場
Minty,湘南投資勉強会,AI・生成AI関連銘柄が2025年後半にかけて爆上がりとなるが、業績が期待に届かない企業が増加し、株価が急落する「AIバブル崩壊」のリスクが顕在化。
日本酒軽,湘南投資勉強会,トランプが小国でも１票を持つ国連総会の多数決に疑問を呈し国連脱退を示唆　地政学リスクが増すユーロが大幅安
あちし,湘南投資勉強会,石原さとみ離婚でストップ高だらけとなり取引停止状態に
きよし,湘南投資勉強会,KDDIがNTT（ドコモ）やソフトバンクに負けてられないといきって株式分割する。
bamboo7,その他,円高170円台突入
Tommy,湘南投資勉強会,スズキ　二輪生産から撤退し静岡の二輪工場閉鎖
すっぴー,滋賀投資勉強会,SOX指数が6500(＋約30％)突破し、やっぱ半導体みたいになる
ちょる子,湘南投資勉強会,米国が移民を排除する動きになり雇用インフレが起きる。年後半はインフレに対して過敏な動きになりハイテクが売られる。
にこいち,四季報investors,北朝鮮やロシアなどによる仮想通貨流失防止のため、先進国が手を組み、防衛のための企業を応援する基金を創出。そのため、仮想通貨流失防止のテクノロジーを持つ企業の株価が上がる。
ボダ子,初参加,キリンさんが『モモンガ！』と叫ぶことでちいかわとコラボしているサンリオの株価が一時的に10円上がるかもしれない。
ビョル,神戸投資勉強会,グロースのターンは24年に引き続き一瞬で終わる
フィナンシェ,神戸投資勉強会,井村ファンド好調、年初来＋30％
saku,湘南投資勉強会,スマートＨＲがＩＰＯ
ひかり,無所属,女性アイドルの中から投資で億り人誕生
えむ#,湘南投資勉強会,段階的な利上げにより銀行株の上方修正が増える
キリン@神戸投資勉強会,神戸投資勉強会,1BTC=2000万到達
投資家N,神戸投資勉強会,円安がさらに進みドル円200円まで行く
ダンベルドア,湘南投資勉強会,日経大幅下落が再来。今度は本当に二番底となり、二番底おじさんの逆襲が始まる
KM,神戸投資勉強会,トランプのX（Twitter）コメントによって日経平均が２週間以内のスパンに５％下落、５％上昇する
こいけ,湘南投資勉強会,プライム上場維持基準未達企業の上場廃止が増える
牛肉太郎,神戸投資勉強会,欧州が不況のためQE発動予測でユーロ円が、１３０円代へ。
ロカ,湘南投資勉強会,"台湾海峡危機が鮮明になり、三菱重工の株価が一時3,000円を超える。"
愛媛のユウ,神戸投資勉強会,オリオンビールが新規上場する。
yss,湘南投資勉強会,kenmoさんの資産が2倍になる。
K,神戸投資勉強会,日経平均最高値更新
とらほう,神戸投資勉強会, 日本製鉄のUSスチール買収禁止が取り消される
end,湘南投資勉強会,"clusterIPO
メタバース再燃"
むね坊主,神戸投資勉強会,ウクライナ戦争終結し復興関連が活況
ほくと,神戸投資勉強会,トヨタとBMWの経営統合
いなじぃ,無所属,2025年7月までの株高で日経平均47000突破
しのぴーX＠横綱若三杉,神戸投資勉強会,井村ファンドの運用成績が好調となり、2025年末時点で日経平均株価やTOPIXといった日本株インデックスを10%超アウトパフォームする運用成績となる。
さふらん,湘南投資勉強会,日経平均が高値更新。
momo,湘南投資勉強会,テンシャル（疲労回復パジャマ）新規上場
でこぽん,神戸投資勉強会,中田B 株再挑戦
Cowとれーだー,湘南投資勉強会,TBMの上場
ロニー,湘南投資勉強会,"朝倉慶と森永卓郎の日経平均株価予想（朝倉：5万円　森永：3千円）はどちらも外れるも、数値として近いのは朝倉という結果に終わる。
https://www.youtube.com/watch?v=ZzPYz8p8yGU"
えむじぇい,湘南投資勉強会,フォローアップ会議によりグロース市場が見直される。結果、グロース指数がプラスで終わり、ゴミ箱と呼ばれなくなる。
Lily,秋からIR説明会にどちらの勉強会でも参加させて頂いています。,インド関連銘柄が好調。
HAL,神戸投資勉強会,トランプ大統領の対中国関税引き上げで、日経平均が一時的に2000円程度下落する。
yoshi,湘南投資勉強会,ポケトーク株式会社が上場。
あべんどT,湘南投資勉強会,夏に米国株２０％以上の暴落
ごろんちゃん,湘南投資勉強会,井村ファンドKaihouの組み入れ銘柄が毎月発表されるたびにストップ高が頻発する
アポロ,湘南投資勉強会,グロース市場の割安銘柄が買われる　再生医療やがん治療の分野が伸びる
弁天。,湘南投資勉強会,任天堂がNintendo Switch2を発売。画面サイズ８インチがコンセンサスだがそれ以上の大きさでサプライズで発表後、株価が10％以上上昇する。
ぺるる,湘南投資勉強会,民主党伊在明氏が有罪となりウォン安解消、韓国造船民助かる。
はるもふ,どちらにも所属していません,植田日銀利上げなし、アメリカも利上げが小幅に留まり、日経平均は38000から40000円で推移。
タイ,湘南投資勉強会,政策保有株の売却額が過去最大となる
pekepeke,湘南投資勉強会,バフェットがメガバンクに投資し、銀行株が急上昇
ぴょん,湘南投資勉強会,"26年2倍株参加者1,000名越え"
よっしー,湘南投資勉強会,日本株の指数の中ではスタンダード指数が年初来で最も上昇率が高い
ヒロ,湘南投資勉強会,ニデックの永守会長がTOBして他社を買収する
M,湘南投資勉強会,春頃に災害おき株価暴落。防災関連株あがる
VASHI,湘南投資勉強会,大規模災害で、一日5％以上の日経ショックも財政出動も早くリバウンドも早い
ゆうと,神戸投資勉強会,東証から名証に重複上場する企業が15社以上発生する。
やっしー,神戸投資勉強会,TOPIXが史上最高値を更新
タカ@takanovalue,湘南投資勉強会,タイミー、行政を怒らせて法規制の対象となり、株価暴落
五十嵐康伸,湘南投資勉強会,札幌証券取引所が東証と合併
次男坊,神戸投資勉強会,次回の参院選で自民大敗するも、織り込み済みで逆に株価上昇
おとわ,湘南投資勉強会,2025年夏の参院選で自民党が大敗、石破総理が退陣、日経平均株価が10％以上下げる
にゃり,湘南投資勉強会,自社優待の企業が増える
kent,湘南投資勉強会,日銀の政策金利は年末までに0.75 まで引き上げ
かもめ,湘南投資勉強会,配当や低PBRブーム沈静化、グロースの流行隆盛到来。（なさそう
ユーキ,湘南投資勉強会,匠のファンド　かいほうが毎月の保有銘柄公開タイミングで、新規保有の中小型株は株価上昇するようになる
ちゃちゃ,神戸投資勉強会,ロシアとウクライナの戦争が終結。一本調子で上がり続けてきた株価だが、これを転機に世界的に株価が軟調。
シンタロー,湘南投資勉強会,ライフイズテックが上場
kenmo@湘南投資勉強会,湘南投資勉強会,携帯型のAI通訳機を手掛ける「ポケトーク」が新規上場(IPO)を果たす。
かいとん,湘南投資勉強会,為替のフラッシュクラッシュで180円行くタイミングがくる
ヒデゾー,湘南投資勉強会,日経平均3万円割れる
roku,湘南投資勉強会,大阪万博当初あまり関心なかったが尻上がりに盛り上がりを見せてくる。
あいまる,湘南投資勉強会,ダイキン工業が株式分割する
写楽保介,湘南投資勉強会,SmartHR上場
がっしー会長,神戸投資勉強会,日本市場において年間の上昇率トップがグロース市場となる
モモクリン,湘南投資勉強会,オリオンビールがIPO
だいふく,湘南投資勉強会,令和の米不足再び
えびす,湘南投資勉強会,上場基準を守れない会社同士の合併が発生
くま,湘南投資勉強会,建設関係で高値更新の会社が多々発生し盛り上がる
ちちざっぷ,湘南投資勉強会,投資ブーム最高潮で湘南＆神戸＆株ベリーの合同勉強会で300人の会場が埋まる
グラッチ,湘南投資勉強会,中国EVの火災が多発し、BYDが減速し、トヨタのハイブリッド、レシプロエンジン車がが見直され中国でシェア向上
ほーちゃんのパパ,湘南投資勉強会,ハイパーインフレが起こり、円安株高が到来、株で利益を得るも円の価値が低くどっこいどっこい。(株などの投資をしていない人は大変な事になる)
前田嘉一,神戸投資勉強会,"日産の経営陣の覚悟と誠意のなさからホンダは日産（＋三菱自）との統合をあきらめ、日産は鴻海グループが買うと予想。それで日産の株価は700円を突破。
"
オニール好きの投資家,湘南投資勉強会,オリオンビール新規上場、優待でビールが飲める旨い(๑˃̵ᴗ˂̵)
なつみ,湘南投資勉強会,PayPay上場
スカイラー,湘南投資勉強会,ヒューリックが株主優待を廃止して、優待投資家が悲しむ
人間,湘南投資勉強会,ウクライナ停戦　復興需要で日本板硝子（5202）上昇
you,湘南投資勉強会,kabuberry@名証IR講演に駄犬さん登壇。
yume,湘南投資勉強会,4059 まぐまぐが上場廃止。エアトリと合併
マッキー,湘南投資勉強会,SP500株価20％下落
sakumaT,湘南投資勉強会,住信SBI上場廃止
けん,湘南投資勉強会,黒田グループ、キオクシアのようなファンドのexit系ipoが増えるが初値割れ/上場来安値をつける銘柄が増える
Yokabun,湘南投資勉強会,東証の取引時間を更に延長は動きが見られる。
ごはん,湘南投資勉強会,日本製鉄の買収失敗による国内景気の停滞感
まろまろ,湘南投資勉強会,米中貿易摩擦が強化され中国がより一層国産化に走るニュースが出され、中国関連銘柄が10%以上下がる
mindset,湘南投資勉強会,後場が16時まで取引可能に。
朝昼晩飯,湘南投資勉強会,フリーとマネフォワードが経営統合
くりご飯,湘南投資勉強会,円安進行。165円を突破。
マックス,草を食べて暮らそう会,スマートフォン ゲーム関係の規制が成立して 関連会社の株価暴落する
どみの,神戸投資勉強会,ダウ平均が下がり、30000を割り込む瞬間がある
秋吉義明,湘南投資勉強会,2024年と同程度の暴落がアメリカ震源にて発生
だいたーん,湘南投資勉強会,"インフレ続き、経済不況になるかと思ったら
ウクライナ、ロシア終戦により、インフレ収まり、復興支援により株価高騰する"
めがね,神戸投資勉強会,楽天形態部門が黒字化、株価50%以上上昇
ののこ,湘南投資勉強会,ホンダ日産に次ぐ時価総額1000億以上の大企業同士の統合が起こる。
きたやん,神戸投資勉強会,中国経済が回復を見せる。中国が政策を緩和して経済成長が加速すれば、資源株や消費財関連株が恩恵を受ける可能性がある。
なのなの,湘南投資勉強会,トランプになり、やっぱり日本製鉄のUSスチール買収成立
日生牡蠣,どちらの勉強会にもまだ参加したことがないです,トヨタとマツダが経営統合
ベリーピザ,湘南投資勉強会,本田圭佑ファンドが井村ファンドに続き、複数の個人投資家出身のファンドが設立される。
AK,神戸投資勉強会,個別株投資ブームが起こる　グロース指数が年末に1000PT回復　節税売りしている場合じゃなくなる
与野,湘南投資勉強会,大阪万博は人気が低迷し関西の企業の株価がさえない
めそ,湘南投資勉強会,日産自動車の経営再建策として、追浜工場の閉鎖などが発表され、ホンダとの経営統合もまとまる
かまやき,神戸投資勉強会,医療費負担上昇の不安から、生命保険加入率が増加する。生命保険に関しては、大手企業の業績を中心に上がる。
さざなみ,湘南投資勉強会,住信SBIネット銀行(7163)に対するTOBが成立
伊豆太郎,湘南投資勉強会,株主総会で可決される株主提案数が過去最多に。会社提案の社長が否決される事態も発生。
豚さがり,湘南投資勉強会,年初から年末にかけてグロース指数が-5%となる。
たかね,湘南投資勉強会,生活防衛の一環として株主優待がブームになる
ボントレ,湘南投資勉強会,上海総合指数の上昇率がS&P500の上昇率を超える
ポンポコたぬき,湘南投資勉強会,日銀利上げより、日本の10年国債利回りが一時２％超えに上昇
なべさん@高配当バリュー投資家,湘南投資勉強会,イーロントランプ喧嘩別れによるテスラ株の暴落(50%以上)
ひろやん,無所属（一度、湘南投資勉強会に参加）,テスタさんの運用額が200億円を超える。
ににもも,湘南投資勉強会,小型グロース株に資金がやっと入る。（今年こそは…）
あきら,神戸投資勉強会,ロシア・ウクライナ戦争が停戦。復興需要の連想から、建機株が物色される。
ayame,湘南投資勉強会,microsoft 時価総額 世界一位に。
イタル,湘南投資勉強会,井村ファンドが速攻100億円集めて買えない難民続出
piyopiyodawan,神戸投資勉強会,セブン&アイのTOBもMBOも白紙になる。
TS開運,湘南投資勉強会,ウォーレンバフェット（バークシャーハサウェイ）がトヨタ株を大量保有
ULTRAGENKI 旧サバイブ,湘南投資勉強会,日本の電力が枯渇により場立ち復活
まるのん,湘南投資勉強会,高額金券による優待の頻出による株価ボラティリティが問題視され、東証が株主優待実施のガイドラインを策定し、株価吊り上げを企図した企業が涙目になり、株主からは馬路暴言を浴びせられる。
はっとり波平,無所属(kabuberry?),トランプのドル安目標に伴い、ドル円が140円くらいに落ち着く（ボラがなくなる）
くっすんすん,湘南投資勉強会,2026年の2倍株研究会に向け、湘南・神戸に加えて第三勢力が参戦する
たぐけん,湘南投資勉強会,ビットバンクが上場する。
cocoa,神戸投資勉強会,井村ファンドが絶好調。運用資産が1000億円突破
明菜,神戸投資勉強会,トランプの保護主義政策により、輸出企業が打撃を受け、日経平均が3万円を割る。
初心,湘南投資勉強会,年収の壁が引き上げられ、教育関連の銘柄が好調に
ヒロユキ,初参加,金1オンス3000ドル一時突破
ぱお,湘南投資勉強会,井村ファンドの影響により、建設業・卸売業が幅広く買われ、東証33業種別株価指数のうち「建設」「卸売業」の上昇率がトップ５に入る。
のりこ,湘南投資勉強会,ニトリが円高が一時的に進むことにより最高値を更新する
さすけ,湘南投資勉強会,日経平均は前半上昇後半下降
boxman,湘南投資勉強会,AGIモデル完成により、Microsoft / Nvidia / AVGO などがぶちあがる
rokuroku,湘南投資勉強会,ドル円　130円台へ
ぽけもん２,湘南投資勉強会,大阪万博でｲﾝﾊﾞｳﾝﾄﾞがますます増える。鉄道株が復活
DAIBOUCHOU,湘南投資勉強会,トランプ大統領がウクライナ、ロシアの紛争を仲介し、領土問題は後日交渉とながら、一旦休戦となり、アメリカ株を中心に株価が上昇する。トランプ大統領の支持率も上がる。
しも,湘南投資勉強会,AI用のGPUか他社対応のソフトウエアがエヌビディア以外からローンチ　エヌビディアが下落
Y.G.,湘南投資勉強会,BTCが15万ドル突破するも、年末には7万ドル台で引ける
KZお,湘南投資勉強会,儲からないのでどうでもいい
羽根,神戸投資勉強会,6548 旅工房TOB
josui,湘南投資勉強会,Kaihouファンドの100億円申し込みが速攻埋まって、Kaihouの投資先銘柄に人気が集まる
opopo,湘南投資勉強会,3月ごろまでに量子コンピュータ関連がバブるも金利上げからの株先行き不透明感ですぐに崩壊する。
おのこ,所属なし,JUNGLIAが大ヒットし、沖縄経済が活況。
ウィン,湘南投資勉強会,災害リスクがクローズアップされ、様々な防災銘柄が高騰する
くろせ,湘南投資勉強会,東証の株式全銘柄の売買停止が発生し、相場が動揺
ぷに丸,湘南投資勉強会,井村さんのファンドが、年末時点で＋70～80％の成績をだし賞賛される
せっきー,湘南投資勉強会,金利のある日本(加速)
マー,湘南投資勉強会,戦争が起こり、NYダウが暴落し、日経平均が2000円以上さがる局面がくる
さーさ,神戸投資勉強会,東証が秋ごろに、PBR１倍割の上場会社に注意喚起が実施され、9月末比較で、日経平均株価が2割上昇する。
大陸浪人,湘南投資勉強会,ジャパネット上場
にからご,湘南投資勉強会,ドイツ・欧州の景気不安からからユーロドルがパリティ割れになる。
タッチ,湘南投資勉強会,ビットコインが再度高値を取ってきて、マネックスGなどが関連テーマ株として相場を先導する。
Chiharu24,湘南投資勉強会,日銀による利上げが予想より進まず、円は160円超になり、自動車及び輸出関連株が上昇する
やまにゃん,湘南投資勉強会,名証が東証にならってPBR改革に着手することを表明、ただし詳細な施策の実施は26年からスタート
ごんきち,湘南投資勉強会,b8taが上場
Minty,湘南投資勉強会,中小のAI関連スタートアップが資金調達難に陥る、一方で、AIを実際の事業運営に効果的に活用している製造業や金融、医療セクターの企業が注目され、安定した成長を維持。
日本酒軽,湘南投資勉強会,TOBやMOBが更に増加、2024年を上回る。でもセブン＆アイはMBOはせず。
あちし,湘南投資勉強会,参院選自民過半数割れも株価上昇
きよし,湘南投資勉強会,井村ファンドが日経平均に完敗。
bamboo7,その他,エネルギーの時代、パワーエックス上場
Tommy,湘南投資勉強会,ChatGPTを使って音声で売買指示を出せるサービスが登場
すっぴー,滋賀投資勉強会,kennmoさん書籍デビュー
ちょる子,湘南投資勉強会,米国商業用不動産価格が暴落。年前半はアメリカは緩和的な動きに。かつてないバブルへ。（年中頃まで）
にこいち,四季報investors,新NISA、オルカン人気が続く。オルカンの資金流入額が8兆円を超える。
ビョル,神戸投資勉強会,井村ファンドのパフォーマンスは年初来マイナスで終わる
フィナンシェ,神戸投資勉強会,参院選前に日経平均過去最高値更新、2025年の最高値
saku,湘南投資勉強会,GoがIPO
ひかり,無所属,ちいかわの映画公開が決定し、大納会にちいかわが選ばれる
えむ#,湘南投資勉強会,ポケトークが新規上場
キリン@神戸投資勉強会,神戸投資勉強会,グロース泥沼の5年連続マイナス
投資家N,神戸投資勉強会,資材の高騰が進み建設関連銘柄の業績が上がる
KM,神戸投資勉強会,多くの人が念願していたSpaceX上場
こいけ,湘南投資勉強会,グロース市場は相変わらず低調
牛肉太郎,神戸投資勉強会,インフレ５％以上　金利上昇で銀行株が上がる。
ロカ,湘南投資勉強会,NISA人気が更に過熱し、1～9月の投資信託への資金流入超過額は2024年の12.7兆円を上回る15兆円を超える金額となる。
愛媛のユウ,神戸投資勉強会,電脳交通が新規上場する。
K,神戸投資勉強会,グロース指数今年も年間で-5%以上下落
とらほう,神戸投資勉強会,ピクスホールディングス（PISOLA運営会社）がIPO
end,湘南投資勉強会,"成城石井IPO
優待勢が集まる"
むね坊主,神戸投資勉強会,イーロンがトランプと喧嘩しテスラ暴落
ほくと,神戸投資勉強会,グローバル造船ファンドの投資信託の販売
しのぴーX＠横綱若三杉,神戸投資勉強会,2024年に引き続き、日本の株式企業では　上場廃止企業数＞IPO企業数　となり、上場企業の集約や再編が進む。
さふらん,湘南投資勉強会,グロース市場に資金が入らず、日経平均に逆行し、高値を更新できない。
momo,湘南投資勉強会,トランプ大統領就任でポストにより株価乱高下、円安165円まで
でこぽん,神戸投資勉強会,霞ヶ関キャピタル株式分割
Cowとれーだー,湘南投資勉強会,FINC テクノロジーの上場
ロニー,湘南投資勉強会,ドナルド・トランプとイーロン・マスクが仲違いして、テスラはトランプ銘柄ではなくなり、テスラの年初来株価はマイナスとなる。
えむじぇい,湘南投資勉強会,5185フコクがTOBされる。ワイパーとブレーキは自動運転やEVになろうと必要な部品。
Lily,秋からIR説明会にどちらの勉強会でも参加させて頂いています。,政策によりインドネシアでの事業は厳しい状況となる。
HAL,神戸投資勉強会,日銀は年内0.50％までしか利上げできず、日経平均株価への影響は大きくない。
yoshi,湘南投資勉強会,ホンダ社員が日産との統合に反対しストライキ。経営統合が白紙に。
あべんどT,湘南投資勉強会,万博は予想外に盛況で関西地区は活況になる
ごろんちゃん,湘南投資勉強会,テスタさんが芸能人と結婚する
弁天。,湘南投資勉強会,カカオ不足で価格が更に上昇。準チョコレートの需要増で、今年中に不二製油の売り上げシェア１位が「植物油脂」になる。
よっしー,湘南投資勉強会,サブコン銘柄群が4月までに最高値をつけて年末に向けて徐々に下がる
ヒロ,湘南投資勉強会,井村ファンド大復活 SP500の指数を上回り皆んなの疑念を払拭する
M,湘南投資勉強会,日本株、前半強いが後半失速
VASHI,湘南投資勉強会,トランプの影響でウクライナ停戦、アメリカの製造業が回復
ゆうと,神戸投資勉強会,同意なき買収提案・敵対的買収が合わせて5件以上実施される。(例えば、クシュタールによるセブン&アイの買収提案のように実施はされていないものはカウントしない。)
やっしー,神戸投資勉強会,伊藤忠商事が関連会社（伊藤忠商事が議決権の20%以上を所有する会社）をTOBする
タカ@takanovalue,湘南投資勉強会,任天堂、次期型ゲーム機が不発で暴落
五十嵐康伸,湘南投資勉強会,春ごろに石破総理が辞任し、株式市場が好感して日経平均が2000円以上上がる。
次男坊,神戸投資勉強会,"自動車業界の再編中にで品質不正が大量に発覚。
トヨタをはじめとする乗車メーカーの株価下落。"
おとわ,湘南投資勉強会,ドイツＥＵ離脱か？のニュースで、日立製作所（6501）が一時的に2000円割れまで売られる
にゃり,湘南投資勉強会,大学生投資家が増える
kent,湘南投資勉強会,米国のフェデラルファンズレートは年末3.25まで引き下げ
かもめ,湘南投資勉強会,大物投資家トレーダーと有名芸能人あたりの婚約結婚がでてくる。
ユーキ,湘南投資勉強会,ReZARDが上場
ちゃちゃ,神戸投資勉強会,"トランプ大統領就任後、世界の株式市場はボラティリティが高まる。
日経平均株価も例にもれず、安値3.3万円～高値4.8万円のレンジの中で動く。"
シンタロー,湘南投資勉強会,TBMが上場
kenmo@湘南投資勉強会,湘南投資勉強会,建設DXを手掛けるフォトラクションもしくはアンドパットが今年こそ新規上場(IPO)を果たす。2年前から予想しているが一向に当たらない。今年こそはよろしく頼みますw
かいとん,湘南投資勉強会,自民党の参院選の大敗による株安
ヒデゾー,湘南投資勉強会,ドル円が170円にタッチする
roku,湘南投資勉強会,アメリカ株軟調な反面日本株は堅調
あいまる,湘南投資勉強会,楽天カードが上場する
写楽保介,湘南投資勉強会,クオカード祭りが10社以上で起きる
がっしー会長,神戸投資勉強会,2025年12月31日時点で世界一の時価総額銘柄がエヌビディア（NVIDIA）となる
だいふく,湘南投資勉強会,仮想通貨の税率が申告分離課税になる
えびす,湘南投資勉強会,中国で規模の大きいデモ等の混乱が発生して中国が不安定化、日経平均が連日下落、トータル5000円程下がる
くま,湘南投資勉強会,綾瀬はるかがついに結婚、綾瀬はるかショックが発生
ちちざっぷ,湘南投資勉強会,湘南投資で待望のアンジェス説明会が開催される
グラッチ,湘南投資勉強会,キオクシア　メモリー不況で一時1000円割れ
ほーちゃんのパパ,湘南投資勉強会,金融所得課税・もしくは大増税(利確時に発生する税金の増税)・もしくは預金封鎖による税金が取られる、などの株クラにとってマイナスな事象(税金系)が起こり、一時的に一般投資家がダメージを喰らい株価が乱高下する時期が起きる
前田嘉一,神戸投資勉強会,"楽天Gにとっては、モバイル事業に けじめをつけざるを得ない年。auにモバイル事業だけを売却するのか、丸ごとモバイル＋金融事業で外資を含めて買い手を探す処置になると予想。どちらにせよ事業売却で存続があやしくなり株価も半値の400円を割り込む。
"
オニール好きの投資家,湘南投資勉強会,"フィットイージーのFC向け高額機器販売について国の事業再構築制度による補助金（約半額を給付）を加盟店側が受領していることが知れ渡る
国民の税金で高額機器を導入し本部、加盟店、利用者の三方よしのビジネスモデルだが株主は阿鼻叫喚;;(∩´﹏`∩);;
"
なつみ,湘南投資勉強会,ソニーFG上場
スカイラー,湘南投資勉強会,ラーメンブームが続き、今年もラーメン屋が上場する
人間,湘南投資勉強会,円安継続　1ドル160円以上に
you,湘南投資勉強会,kabuberry@名証IR講演にussiさん登壇。
yume,湘南投資勉強会,TOB・MBOが過去最多に
マッキー,湘南投資勉強会,NASDAQ株価20％下落
sakumaT,湘南投資勉強会,7901  マツモト上場廃止
Yokabun,湘南投資勉強会,読売333の様に新たな株価指数が創設される。
ごはん,湘南投資勉強会,国内政治（首相支持率低下）による海外投資家離れ
まろまろ,湘南投資勉強会,株主還元が過去最高額を更新する
mindset,湘南投資勉強会,kenmoさんの会社が上場を果たす。
朝昼晩飯,湘南投資勉強会,上場企業の数が減少に転じる
くりご飯,湘南投資勉強会,グロース市場改革の具体的なペナルティ発表。好感して久々にグロース指数上昇率がトピックスを上回る
マックス,草を食べて暮らそう会,今回書いてることは、ネタがあまりにもなかったので とりあえず思いついたことを書いたまでで、実際にそうなるとはあまり思ってないです
どみの,神戸投資勉強会,春ごろに石破総理が辞任し、株式市場が好感して日経平均が2000円以上上がる。
だいたーん,湘南投資勉強会,日経平均5万となり、億り人量産され、さらなる投資ブームとなる。井村ファンドも大成功する。
めがね,神戸投資勉強会,井村ファンドが好調、1年間で上昇率50%超え
ののこ,湘南投資勉強会,メタプラネットがビットコイン購入をさらに進めるが価格が下がり評価損になる。
きたやん,神戸投資勉強会,2025年も、特に中東やロシア・ウクライナの状況など、地政学的な不安定要素が株式市場に影響を与える可能性があり戦争や紛争が長期化し、世界的な供給網に障害をもたらすような事態になると、エネルギー価格や資源関連株のボラティリティが高まる。
なのなの,湘南投資勉強会,テレビ業界の再編（朝日放送GHDやWOWOWなどの非公開化）
ベリーピザ,湘南投資勉強会,ビットコインの価格が10倍になる。
与野,湘南投資勉強会,北朝鮮金王朝が崩壊し韓国企業の株価が下がる
めそ,湘南投資勉強会,日産車体・湘南工場の閉鎖が発表されるタイミングで、日産自動車による日産車体の完全子会社化が発表される
かまやき,神戸投資勉強会,大型がある程度一巡し、中小型がTOBされる事例がさらに増え、中小型株にも資金が来る。
さざなみ,湘南投資勉強会,セブン&アイ(3382)  非公開化成立
伊豆太郎,湘南投資勉強会,"中国政府の金融財政政策により中国株が暴騰。秋ごろ、上海株価指数が最高値6,124.04を更新する。"
豚さがり,湘南投資勉強会,年初から年末にかけて日経平均が+10%となる。
たかね,湘南投資勉強会,上場廃止が100銘柄以上発生する
ボントレ,湘南投資勉強会,スタグフレーションが流行語大賞候補になる
ポンポコたぬき,湘南投資勉強会,札幌証券取引所（札証）と日本取引所が経営統合。
なべさん@高配当バリュー投資家,湘南投資勉強会,米国インフレ率が5%以上に逆戻り
ひろやん,無所属（一度、湘南投資勉強会に参加）,中国経済が回復し上海総合指数が20%超の上昇をする。
ににもも,湘南投資勉強会,今年はさすがにSP500積立も天井だろうと言われているが、新NISA勢の資金流入が続き結局脳死でSP500積立で良かったじゃんとなる。
あきら,神戸投資勉強会,ゴールド【金】が歴史的高値を付け、1トロイオンス3000ドルの大台を突破する。
ayame,湘南投資勉強会,ウクライナ戦争休戦
イタル,湘南投資勉強会,2021年以来の小型株優位のマーケットになる
piyopiyodawan,神戸投資勉強会,テスタさん結婚。
TS開運,湘南投資勉強会,広瀬すずが結婚して日経平均が1000円以上下がる
ULTRAGENKI 旧サバイブ,湘南投資勉強会,トヨタによるソニー買収
まるのん,湘南投資勉強会,各種勉強会の成長に伴う業務繁忙により、株クラが副業で勉強会運営の委託業務を請け負うトレンドが形成される。
くっすんすん,湘南投資勉強会,ビットコイン価格が暴落し、仮想通貨関連銘柄が下落する仮想通貨パニックが発生する。
たぐけん,湘南投資勉強会,大阪万博が事前予想を超えて盛り上がり来場者数が来場予測2820万を超え、関連銘柄も株価上昇する。
cocoa,神戸投資勉強会,ウクライナ・ロシア戦争が終結。日経平均が1週間で3千円上がる。
明菜,神戸投資勉強会,日銀の金利引き上げにより、日経平均が3万円を割る。
初心,湘南投資勉強会,fundnote日本株Kaihouファンドが募集上限の運用額100億円を達成する
ヒロユキ,初参加,米株暴落で「新NISA損切り」がXトレンド入り
ぱお,湘南投資勉強会,地方取引所改革・再編の動きが本格化する。福証が東証に吸収合併される。
のりこ,湘南投資勉強会,北海道の セイコーマートが上場する
さすけ,湘南投資勉強会,グロース250がついに年初来プラスで2025年を終える
rokuroku,湘南投資勉強会,餃子の満州上場
DAIBOUCHOU,湘南投資勉強会,上場維持基準未達で、東証スタンダード市場から名証市場に落ちる銘柄が増える。
しも,湘南投資勉強会,札幌と福岡と名古屋の取引所が合併　　日本の真ん中の取引所で日本中央証券取引所　NCXが爆誕
Y.G.,湘南投資勉強会,石破首相、参院選前に退陣も、自公敗北して新連立政権誕生。
KZお,湘南投資勉強会,儲からないのでどうでもいい
羽根,神戸投資勉強会,9057 遠州トラック　TOB
josui,湘南投資勉強会,空前の日本株ブームが起こり、KabuBerry/湘南/神戸いずれかの投資勉強会がテレ東の番組で取り上げられる
opopo,湘南投資勉強会,少数与党が続くも原発推進で野党と合意して推進。核融合と円高も相まって電力株が上がる。
おのこ,所属なし,無人店舗が拡大し、東芝テックやグローリーなど関連株上昇
ウィン,湘南投資勉強会,大阪万博に伴いインバウンドにより注目が当たり、航空会社や百貨店関連の銘柄が高騰する
くろせ,湘南投資勉強会,アメリカ現職閣僚が暗殺され、株式市場にて◯◯暗殺ショックが発生
ぷに丸,湘南投資勉強会,東証が取引時間を16時までに延長する決定をして、個人投資家から嫌がられる
さーさ,神戸投資勉強会,トランプ効果でロシアの戦争が終結した報道がなされ、日経平均株価が、1500円上昇する。
大陸浪人,湘南投資勉強会,オリオンビール上場
タッチ,湘南投資勉強会,ポケトークが上場し人気化する
Chiharu24,湘南投資勉強会,円安が維持され、インバウンドが更に増えて、ホテル関連株や鉄道株が大きく上昇する
やまにゃん,湘南投資勉強会,ペロブスカイト太陽電池の設置に対する補助金が登場する（東京都が早そう）
ごんきち,湘南投資勉強会,有限会社来栖川電算が上場
Minty,湘南投資勉強会,高市首相がこれを受けて、AIを中心とした「第5次産業革命戦略」を発表。国家プロジェクトとして、生成AIを農業、医療、教育などの基幹産業へ組み込む政策を推進する。市場が好感し日経平均は市場初の高値44000円へ。
日本酒軽,湘南投資勉強会,年収の壁問題で自民党が譲歩する、求人関係の銘柄が動意付く
あちし,湘南投資勉強会,輸入物価上昇落ち着きインフレ率2%割れ
きよし,湘南投資勉強会,昨年以上に上場廃止銘柄が増える。
bamboo7,その他,エネルギーの時代、アスエネ上場
すっぴー,滋賀投資勉強会,グロースにお金が流れ出し、個人投資家が歓喜する
ちょる子,湘南投資勉強会,ロシアウクライナ停戦、終戦につきガラス、鉄鋼株特需へ
にこいち,四季報investors,後継者不足、人出不足による倒産件数が高止まり。M&A業界が活気づき、株価も上がる。
ビョル,神戸投資勉強会,日経平均株価最高値更新
フィナンシェ,神戸投資勉強会,グロース指数が日経平均を5％程度超過
saku,湘南投資勉強会,TBMがIPO
ひかり,無所属,2025年の2倍株が180銘柄
えむ#,湘南投資勉強会,上場廃止が100社を超える
キリン@神戸投資勉強会,神戸投資勉強会,ビットフライヤー上場
投資家N,神戸投資勉強会,上場廃止銘柄が昨年の件数を上回る
KM,神戸投資勉強会,夏以降に石破総理が辞任。株式市場が好感して日経平均が５％以上上がる
こいけ,湘南投資勉強会,ホンダと日産系列の部品メーカーにも再編の動き
牛肉太郎,神戸投資勉強会,防衛費増額　防衛関連が大相場
愛媛のユウ,神戸投資勉強会,ビットバンクが上場する。但し，仮想通貨市場は上期がピークとなり，下期は下がり調子となる。
K,神戸投資勉強会,今年も盛況のうちに両勉強会が1年を終了する
とらほう,神戸投資勉強会,少年漫画誌（ジャンプ・サンデー・マガジン）に投資漫画が連載される
end,湘南投資勉強会,"テコテック(カビュウ)IPO
個人情報の問題でX上で騒ぎに"
むね坊主,神戸投資勉強会,グロース指数、5年ぶりに年初来プラスで終了
ほくと,神戸投資勉強会,大阪メトロの上場
しのぴーX＠横綱若三杉,神戸投資勉強会,株式投資が趣味と公言する国会議員が誕生する。
さふらん,湘南投資勉強会,24年以上のIPO数。
momo,湘南投資勉強会,名証福証重複上場銘柄10社以上増加
でこぽん,神戸投資勉強会,オリオンビール上場
Cowとれーだー,湘南投資勉強会,2025年7月を高値に関税による影響で、年末にかけて株が下がる
ロニー,湘南投資勉強会,日本では引き続きインフレが進行するも賃金の上昇がインフレ率に追いつかない状況が続き、毎月勤労統計における実質賃金指数の前年比はマイナスの月が多くなる。（結果発表時には10月までのデータしか公表されていないと思うので、10月までの結果で判断してください）
えむじぇい,湘南投資勉強会,大阪万博のテーマがいよいよ活況にならない。(なってほしい)
Lily,秋からIR説明会にどちらの勉強会でも参加させて頂いています。,ペロブスカイト太陽電池よりも全固体電池銘柄が好調。
HAL,神戸投資勉強会,金相場は3000ドルを超え、金ETFが上がる。
yoshi,湘南投資勉強会,シルバーライフの社長がXのアカウントを消す(4年ぶり2回目)。
あべんどT,湘南投資勉強会,ホンダ、日産統合の破談
ごろんちゃん,湘南投資勉強会,遂にグロースのターンが来てグロース250指数が20%上がる
弁天。,湘南投資勉強会,若者に人気のアプリ「Jiffcy」の開発会社の「穴熊」上場。
よっしー,湘南投資勉強会,9338INFORICHが株式分割をする
ヒロ,湘南投資勉強会,金融株が一段高して業績の変化が起こりバブルを起こす
M,湘南投資勉強会,IPO株は初値が公募価格われのところ増える
VASHI,湘南投資勉強会,グロース市場は600割れで着地
ゆうと,神戸投資勉強会,定時株主総会で提出された株主提案のうち、2件以上可決する。(通常、株主提案が可決される事例は極めてまれであり、去年はストラテジックキャピタルによるダイドーリミテッドの取締役選任議案の一部のみである。)
やっしー,神戸投資勉強会,円高になる
ダニエル,湘南投資勉強会,2025年７月の災害予言が当たってしまい株暴落。
猫三昧,湘南投資勉強会,初の女性総理、高市総理誕生で日経４５０００円越え
猫三昧,湘南投資勉強会,アメリカインフレ再燃。利上げでショック。日経３００００円割れ
猫三昧,湘南投資勉強会,石破総理暴走。野党と連立。政治不振で日経３００００円割れ
猫三昧,湘南投資勉強会,"量子コンピュータで暗号通貨解読。
仮想通貨市場崩壊。"
猫三昧,湘南投資勉強会,ウクライナ戦争終結。しかし次なる地政学緊張で三菱重工４０００円越え