,user,code,name,detail
0,五十嵐,1375,雪国まいたけ,雪国まいたけ
1,ぽけもん２,1384,ホクリヨウ,ホクリョウ　卵の価格は下がらないと思う。価格転嫁ができて、業績は予定以上に高まるため。インフルエンザ予防の対策も完了。
2,hiro,1401,エムビーエス,エムビーエス インフラサイクル/減災防災関連　50億以下
3,お蝶,1418,インターライフホールディングス,インターライフHD 大阪万博特需で注目
4,えびす,1418,インターライフホールディングス,インターライフ　業績良いが株価反応なし、丹青社の下請け、乃村工藝社が株主、大阪営業所設置、万博需要でさらに⤴️
5,しのぴー＠横綱　若三杉,1429,日本アクア,日本アクア
6,アディ,1429,日本アクア,日本アクア　12月期決算で次が本決算かつ中計更新発表見込み。現在持ち家の住宅着工は絶賛右肩下がり。しかし、断熱等級引き上げによって戸当たり施工金額が上昇、23年には人材採用も注力しており、建設業でも24年問題が本格化することで非住宅の部門も入れ食いとなる。増収増益増配かつESG投資熱も再燃してくれば盛り上がる
7,sasuke,1429,日本アクア,日本アクア
8,モモクリン（momokurin）,1429,日本アクア,日本アクア、建物省エネにおいて断熱の付加価値上昇期待と需要旺盛で業績成長継続中
9,GGS,1429,日本アクア,日本アクア、人材キャパ急拡大、需給引き締まりで単価アップ、住宅は弱いが工場需要強い、売上計上に1~1.5年ラグ
10,ミキスケ,1429,日本アクア,日本アクア
11,田上 太郎,1431,Lib_Work,Lib Work 決算による予測
12,リネラブ,1431,Lib_Work,Lib Work 製材会社を子会社したことで粗利率の改善　省エネ住宅の購入補助金の申請受付開始による需要拡大
13,こいけ,1433,ベステラ,ベステラ 受注残高が拡大中 利益率改善の兆しが見えることに期待
14,たかね,1433,ベステラ,ベステラ　受注残豊富
15,あきんこ,1433,ベステラ,ベステラ　豊富な受注
16,moo,1434,JESCOホールディングス,JESCO
17,ritz9661,1438,岐阜造園,岐阜造園
18,たかたか,1438,岐阜造園,岐阜造園
19,ほしいも,1438,岐阜造園,"岐阜造園 グループ発表された銘柄,関東エリアや海外に展開するあり業績のジャンプアップの期待感あり,"
20,とらほう,1438,岐阜造園,岐阜造園 東京支社設置するなど拡大傾向。同業唯一の上場企業で知名度があり、廃業後の引き続き案件などにも期待（入れるか迷っていた企業でしたが、勉強会でより精度の高い情報をもとに同様の期待をされていた方がいたので採用しました）。
21,ボンボン,1438,岐阜造園,岐阜造園 東京進出
22,AKI,1438,岐阜造園,首都圏、関西圏への営業強化で業績は飛躍的に上昇する。
23,Tat,1447,ITbookホールディングス,ITbookホールディングス 売上高・経常利益共に大幅に伸びており、純利益に至っては四季報予想で倍々になっているから
24,ケイ,1447,ITbookホールディングス,itbookホールディングス　ずっと含み損だが、復活の狼煙があがった感じがあるため
25,一人旅,1514,住石ホールディングス,住石ホールディングス　井村さんが大株主から抜けましたけど、半導体と石炭の両方にニーズがあるから。
26,ピリヤ,1712,ダイセキ環境ソリューション,ダイセキ環境ソリューション 今期2024.02月期すでに3回の上方修正で過去最高売上・利益を更新する見込み。また指標面でも割安かつ災害関連銘柄（災害廃棄物処理）でもある。
27,えびす,1712,ダイセキ環境ソリューション,ダイセキ環境ソリューションソリューション　中期経営計画を2年前倒しで超過しました。株価は⁉️ですが、今後も成長予定、ウランはまだ
28,メイプル,1717,明豊ファシリティワークス,明豊ファシリティワークス　建築費高騰が追い風
29,ごんきち,1723,日本電技,日本電技 データセンター関連銘柄：とある投資家さんのスクリーニング方法からピックアップしたものの中からテーマ性がありそうなデータセンターと言うワードを四季報から観測し選択
30,ボンボン,1734,北弘電社,北弘電社 債務超過解消
31,しかれども,1734,北弘電社,北弘電社　債務超過解消による上場廃止回避を期待
32,にったあきら,1734,北弘電社,北弘電社
33,やっしー,1734,北弘電社,北弘電社
34,まるのん,1743,コーアツ工業,コーアツ工業 1743 ・極端に低いPBRの向上施策への期待（現金+投資有価証券の有効活用）・資本コストや株価を意識した経営の開示が近く開示される中での還元施策の抜本改善による利回り・DOE2.5％で配当92円程度が期待できるとすると、利回り4％水準で2倍への道筋が立てられる。・但しPL業績はシュリンクが続いており、成長性での評価が全くできない点に留意が必要。
35,じょにー,1771,日本乾溜工業,日本乾溜工業株式会社
36,アオ,1776,三井住建道路,三井住建道路 Cashリッチ/親子上場/災害から公共事業への認識転換
37,nt164,1776,三井住建道路,三井住建道路　親子上場、高配当、低PBR、能登半島地震復興銘柄として
38,グコウさん,1789,ETSホールディングス,ETS   優待廃止と特損こなして送電需要から利益伸ばせれば
39,ダンベルドア,1789,ETSホールディングス,ETSホールディングス
40,アオ,1810,松井建設,松井建設 Cashリッチ/災害から公共事業への認識転換
41,如水,1827,ナカノフドー建設,ナカノフドー建設
42,まぴ,1827,ナカノフドー建設,ナカノフドー建設 11/27に「資本コストや株価を意識した経営の実現に向けた対応について」を出して株価反応してるが、まだPBR0.46。
43,たう,1827,ナカノフドー建設,ナカノフドー建設 還元期待
44,さーさ,1850,南海辰村建設,南海辰村建設 南海電鉄に愛着がある
45,まるのん,1879,新日本建設,新日本建設 1879 ・期末ネットキャッシュは746億（3Qで物件仕入等で528億）で時価総額706億円でフリーCF100憶程度を出せる会社として割安と判断・PL推移もリーマン時は赤字も東日本震災時含めて営業黒字は確保しており安定業績・資本コストや株価を意識した経営に関する開示（PBR向上策）を23/3期中に開示予定とある。（但し株主総会では慎重姿勢も）・配当50円位まであると利回り2％まで買われる（ちょっと無理があるか…）と2倍化がみえてくるか
46,Kent,1898,世紀東急工業,世紀東急 受注残443億円（前年同期比23%増）。道路舗装など完工増。舗装材販売は価格転嫁進む。営業益急伸。
47,円蔵,1909,日本ドライケミカル,日本ドライケミカル　防災銘柄として
48,Lima,1930,北陸電気工事,北陸電気工事イベント投資銘柄みたいな印象ですが、、しています。PBR1倍割れ、時価総額300億弱、無借金と財務はピカピカ。m&aやDXへの先行投資にも積極的。かつ連続増配で株主還元ともバランス良し。若手の採用や育成にも力を入れています。東京や大阪、海外への展開も推進中
49,グコウさん,1938,日本リーテック,日本リーテック　受注残の利益率低い案件こなせたら、利益のびる？資本コストの開示もありPBR改善もありえる
50,にゃり,1945,東京エネシス,東京エネシス  火力、原発のメンテナンスは今後、需要が伸びるため。PBR1倍以下
51,かぺぺ,1964,中外炉工業,中外炉工業 脱炭素の流れ
52,初心,1972,三晃金属工業,三晃金属	割安高配当＆プレハブ需要、それなりの配当
53,タダモノ,1975,朝日工業社,朝日工業社　工場需要　受注増
54,カヌレ,2001,ニップン,ニップン　上方修正、増配発表した為
55,ダンベルドア,2127,日本M＆Aセンターホールディングス,日本M&A
56,ケイ,2127,日本M＆Aセンターホールディングス,日本M＆A
57,gonta@株,2127,日本M＆Aセンターホールディングス,日本M&A 　不祥事で株価が安すぎるのに業績は悪くない
58,tony,2127,日本M＆Aセンターホールディングス,日本M&A M&Aに追い風吹くので戻らないかと…
59,sufo,2127,日本M＆Aセンターホールディングス,日本M&A 業界の人材流出、独立などの問題も、一旦、落ち着いて業績も回復してくれば、ピーク時の株価には戻らなくとも2倍はいけるのではないでしょうか。
60,さーさ,2127,日本M＆Aセンターホールディングス,日本Ｍ＆Ａ 成約件数増価で成長しそう
61,KM,2127,日本M＆Aセンターホールディングス,日本M＆A　不祥事以降の売上増加・回復に合う株価
62,ドットコムのトマト,2127,日本M＆Aセンターホールディングス,日本M&A後継者不足や国のM&A促進で
63,hokusansan1,2127,日本M＆Aセンターホールディングス,日本M&Aセンター
64,あお,2127,日本M＆Aセンターホールディングス,日本M&Aセンタ― 業績回復してくれば、売られすぎの反動の見直し買いあるかも
65,田上 太郎,2127,日本M＆Aセンターホールディングス,日本M&AセンターHD
66,ぐらぐら,2127,日本M＆Aセンターホールディングス,日本M&AセンターHD　不正会計での下落一服し実績を伴い上昇
67,ひらはら,2127,日本M＆Aセンターホールディングス,日本Ｍ＆Ａセンターホールデ　他テーブル採用銘柄
68,たかたか,2127,日本M＆Aセンターホールディングス,日本Ｍ＆Ａセンターホールディングス 株価下落後、業績回復し株価が上がりそうだから
69,大きなかぶ,2127,日本M＆Aセンターホールディングス,日本M&Aセンター。経営資源集約化税制の拡充(案)による追い風。
70,ayame,2146,UTグループ,ＵＴグループ
71,Tat,2157,コシダカホールディングス,コシダカホールディングス 業績が好調で投資CFも大きく、新規フィットネス事業1号店が好調で2店目開店も決定しており伸び代があるだろうから
72,だーしか,2157,コシダカホールディングス,コシダカホールディングス コロナ5類移行後初の年末年始、積極出店(海外含む)
73,与野,2157,コシダカホールディングス,",コシダカホールディング、アフターコロナで好調"
74,よっしー,2160,ジーエヌアイグループ,ジーエヌアイグループ 業績好調なバイオ銘柄
75,hiro,2172,インサイト,インサイト北海道の広告代理店時価総額6億
76,愛媛のユウ,2173,博展,博展 大阪万博の特需（よしぼんさんの受け売りですw
77,かぺぺ,2173,博展,博展 万博へ向けて業績上昇
78,よしぼん,2173,博展,博展 万博関連 受注残増加　中期経営計画2025年12月期営業利益14億
79,ごんきち,2185,シイエム・シイ,シイエム・シイ 「電子制御装置整備」認証（特定整備）の経過処置の猶予期間（4年間）が今年（2024年）3月末で期限を迎えエーミング支援アプリ「楽々エーミング」が評価される
80,なのなの,2193,クックパッド,クックパッド リストラ完了。保有現金＞時価総額
81,エル川,2215,第一屋製パン,第一屋製パン ポケモンパンが主力。過去6年赤字続きだったが原材料上昇に伴う価格改定、横浜工場閉鎖で生産集約、製品ラインナップ見直しなどで23年12月期は黒字転換見込み。23年3Q単体では黒字転換どころか過去最高の営業利益まで。輸入小麦価格は昨年ピークアウトしたと考えると更なる利益上昇への期待も。拠点縮小、設備老朽化など今後の更なる成長への課題は多いが黒字定着が示せれば今の株価から2倍まではみえるか？
82,たぐけん,2215,第一屋製パン,第一屋製パン　小麦価格1月から下落し原価下がるためさらに利益率改善する可能性あり、パンの原価に対する小麦の割合は9％くらい、これが前年比−11%下がる。安売り等なければ7−9月の利益が減るような事はないのでは？
83,がっしー会長,2215,第一屋製パン,第一屋製パン 生産集約、製品値上げ、原材料費の低下が今期通期を通して発現
84,美波 ,2215,第一屋製パン,第一屋製パン不採算ラインの排除生産ラインの集約化がようやく現れた直近3q 3qの実績に一過性はないものと思われ 通期及び来期に向けた一定の期待は持てると思われる点から銘柄をピック。
85,JYO,2215,第一屋製パン,第一屋製パン
86,ramune,2215,第一屋製パン,第一屋製パン　直近決算好調。2024年1月から小麦粉値下げの恩恵。
87,スーパーこさく,2300,きょくとう,きょくとう クリーニング大手で店舗450店。白洋舎のホテルクリーニングのように目立たないが、小規模業者廃業加速タイミングにリスク減らした脱自前主義で出店加速。あおやま等のスーツ回復→クリーニング回復も間違いなし。遂に残存者利益獲得のフェーズが始まる👺
88,さくさく,2311,エプコ,エプコ : ESG、再エネ事業業績寄与
89,ののこ🍣,2311,エプコ,エプコ 再エネサービスの伸び。
90,スーパーこさく,2311,エプコ,エプコ 注文住宅図面設計から再エネ事業へ業態転換中。業績ダウンからのV字回復の要因が今後数少ない市場拡大案件の住宅への太陽光発電設置。中計には未反映で今後更新予定。月次上昇で来期期待大。前年度からの再エネ事業セグメントの月次での細分化表示が自信の証👺
91,まもる,2317,システナ,システナ　業績は好調だが、不採算プロジェクトが発生し株価が下落。中堅社員の大量退職が痛手であり、出血が止まったかどうか。株価は底値から上昇中。
92,ぬくごろ,2329,東北新社,東北新社　アクティビスト介入+会社の遊休不動産売却による株主還元強化　
93,やってぃーさん,2334,イオレ,イオレ　時価総額30億の小型株。らくらく連絡網が使いやすくて学校で導入。合わせて学校向けの旅行提案事業も始めてきて業績の伸びが期待できる。
94,お蝶,2334,イオレ,イオレ 直近の社員数増加による業績拡大
95,AK,2334,イオレ,イオレ　　ベースの事業がしっかり利益を出し、仮想通過がらみの材料から買いが入りドーンといってほしい。
96,グラッチ,2340,極楽湯ホールディングス,極楽湯　債務超過、上場廃止懸念からの復活　値上げによる業績回復
97,ダンベルドア,2342,トランスジェニック,トランスジェニック
98,しのぴー＠横綱　若三杉,2354,YE_DIGITAL,YE DIGITAL安川電機の持分法適用会社。SAP ERPのサポート期限切れが2027年に迫っている中、ERP更新・移行ソリューション事業など、法人向けのDX化関連分野が引き続き好調そう。その他、物流業界の2024年問題への対応支援、工場や倉庫の遠隔監視や省力化などの人手不足問題の解決に繋がる事業も期待できそうであるため。
99,とものり,2378,ルネサンス,ルネサンス、温暖化でプール需要増。
100,きづ,2412,ベネフィット・ワン,ベネフィット・ワン TOB合戦で上がる
101,あお,2413,エムスリー,エムスリー  米国利下げ期待のグロース株の見直し買い
102,nt164,2413,エムスリー,エムスリー　３月に始まるプライム１５０先物による需給要因で復活を期待
103,クロロ,2413,エムスリー,エムスリー　それなりに安定した業績にも関わらず売られすぎなのでチャートで判断。新NISAによる需要見込み。
104,tony,2413,エムスリー,エムスリー 売り込まれ、グロース、初心者買いそう、成長しそうで戻りませんか？
105,如水,2415,ヒューマンホールディングス,ヒューマンHD
106,まるのん,2418,ツカダ・グローバルホールディング,ツカダグローバルHD 2418 ・コロナ禍からの本格業績回復によりPL改善・為替差益の特殊要素を除いても低PERであり、そこからの是正。但し元々低いPERで1桁PERは免れないか・財務面での負債も大きく大きな還元強化も望めない＆23/3期特殊要因でEPS上がっているため顕著な増配期待もできない。
107,わちムシ,2425,ケアサービス,ケアサービス。2025年問題銘柄。訪問入浴から湯灌までやっており最初から最後まで利用者に関わるビジネス。本社面積半減し経費を抑え、介護職員を全国から採用していく。
108,茶々丸,2435,シダー,シダー
109,イタル,2436,共同ピーアール,共同PR ５年前比較で利益２倍に対し株価変わらずからの水準訂正期待
110,なべさん＠高配当バリュー投資家,2462,ライク,ライクPER8.2倍。2年前の高値から4割安い。予想利の確度上がり、来年度予想が良ければ。
111,どみの,2467,バルクHD ,バルクHD セキュリティ教育
112,ケイ,2467,バルクHD ,バルクホールディングス
113,翁,2471,エスプール,エスプール
114,　ちちやす,2471,エスプール,エスプール とは言え就労規制はされず
115,ほくと,2471,エスプール,エスプール 見直し買い期待
116,クロロ,2471,エスプール,エスプール　障がい者雇用法定率の引き上げと農園拡大による需要拡充、神戸市からの大型受注による安定した業績により見直し買い期待。
117,いちすけ,2471,エスプール,エスプール 来期業績復活すれば900円くらいまでは戻しても
118,KM,2471,エスプール,エスプール 利益回復に見合う株価修正
119,とものり,2471,エスプール,、エスプール、環境経営支援への期待。
120,saku,2471,エスプール,エスプール。昨年売られ過ぎの反動からの戻りがあるか。
121,ぱじぃた,2477,手間いらず,手間いらず
122,バクタ,2477,手間いらず,手前いらず　DX、インバウンド、人手不足解消、
123,ラッキー,2477,手間いらず,手前いらず　　インバウンド関連
124,あそびにん,2479,ジェイテック,ジェイテック
125,バクタ,2483,翻訳センター,翻訳センター　安い、m3が大株主
126,けーさん@,2488,JTP,JTP  売上10%、純利益20%の増収増益を継続できそう。四季報を見る限りかなり好調に見える。
127,ぱふぇっと,2491,バリューコマース,バリューコマース　底打ち
128,ミキスケ,2533,オエノンホールディングス,オエノン
129,かもめ,2599,ジャパンフーズ,ジャパンフーズ/黒字転換し目先増益もみられる復調系低PBR銘柄
130,ぱじぃた,2613,J-オイルミルズ,J-オイルミルズ
131,かもめ,2613,J-オイルミルズ,Ｊ－オイルミルズ/黒字転換し目先増益もみられる復調系低PBR銘柄
132,ダイナー,2664,カワチ薬品,カワチ薬品 低PBR＋ドラッグストア業界の再編に伴う買収期待
133,Tat,2666,オートウェーブ,オートウェーブ 業績が順調に増加、各CFも健全にも拘らず1株159円という低価格で割安なため
134,グラッチ,2676,高千穂交易,高千穂交易　高収益のクラウドサービス関連の伸び
135,とらほう,2681,ゲオホールディングス,ゲオホールディングス 海外展開本格化。国内もリユース、ゲオ、デジタルなどの新規とバランスよく事業展開している印象。EPS増加、PER水準見直しの双方に期待。
136,neko4979,2685,アダストリア,アダストリア
137,与野,2687,シー・ヴイ・エス・ベイエリア,(株)シー・ヴイ・エス・ベイエリア、ホテルビジネスの業績好調
138,えびす,2694,焼肉坂井ホールディングス,焼肉坂井、黒字化、さらに円安で優位になる？
139,rei,2700,木徳神糧,木徳神糧 円高の進行は懸念ですが日本米の輸出を背景に来期も増収基調と予想。
140,GGS,2708,久世,久世、コロナ経た構造改革が通期寄与
141,さふらん,2722,IKホールディングス,IKホールディングス　韓国コスメの好調。
142,pekepeke,2735,ワッツ,ワッツ 円高恩恵銘柄。生活防衛で100均に再び注目が集まりそう。
143,ゆうき,2751,テンポスホールディングス,テンポス 飲食店の出店増に合わせて成長すると予想
144,さふらん,2752,フジオフードグループ本社,フジオフードグループ本社 増益、黒字転換で継続前提に重要事象解消しそう。
145,たこ,2753,あみやき亭,あみやき亭　肉と米
146,本屋,2753,あみやき亭,あみやき亭 レストラン事業好調、まだ焼肉事業が比率多くて隠れている。第2のペッパー期待。
147,秋吉義明,2762,SANKO_MARKETING_FOODS,SANKO Marketing Foods 黒字化
148,人間,2767,円谷フィールズホールディングス,円谷フィールズ　ウルトラマン＋遊技機好調
149,たかね,2767,円谷フィールズホールディングス,円谷フィールズ　ウルトラマンIPが再評価されたら上がりそう
150,ののこ🍣,2767,円谷フィールズホールディングス,円谷フィールズ 売られすぎた。中国のウルトラマンカードに期待。
151,ほーちゃんのパパ,2767,円谷フィールズホールディングス,円谷フィールズHD　コンテンツ事業部＆デジタルコンテンツ好調により
152,ひらはら,2767,円谷フィールズホールディングス,円谷フィールズホールディ 中国ゲーム規制責任者解任で更に売上↑で
153,写楽保介,2767,円谷フィールズホールディングス,円谷フィールズホールディングス チャートが下げ止まったので。
154,たっくん,2767,円谷フィールズホールディングス,円谷フィＨＤ 株価は23年8月8日の年初来高値3380円から12月6日安値の1070円まで下げ、下落率は68％と相場格言の「半値八掛二割引き」に達した。業績が悪いわけではなく、8月までの上昇で期待が過度に膨らんだ分、その「反動安」が長引いているといえる。1100円前後の値固めを経てのリバウンドに期待が膨らむ。ウルトラマン関連のコンテンツ＆デジタル事業は好調で、中国でも売上を倍増させている。24年3月期第2四半期から持分法適用となったダイコク電機 <6430> [東証Ｐ]も収益に寄与し、売上高と最終利益は過去最高更新を見込む。PERは9.6倍で、期末一括配当30円を予定するが、増額に動くことも想定される。
155,本屋,2767,円谷フィールズホールディングス,円谷フィールズ 売られすぎ、パチスロ特需と思われている。ウルトラマンの成長が評価されていない。
156,とおるがfire,2767,円谷フィールズホールディングス,円谷フィールズホールディング　ウルトラマンのキャラクターに期待
157,ayame,2767,円谷フィールズホールディングス,円谷フィールズ
158,hiroseka（ひろせか）,2767,円谷フィールズホールディングス,円谷フィールズHD
159,人間,2780,コメ兵ホールディングス,コメ兵 インバウンド
160,はくたく,2780,コメ兵ホールディングス,コメ兵 業績好調でバリュエーション下がってるから
161,ハネハネ,2780,コメ兵ホールディングス,コメ兵ホールディングス　PERが低い
162,アディ,2780,コメ兵ホールディングス,コメ兵ホールディングス　業績に対して安い。IR資料の拡充等からプライム昇格はして来ると思われるので、そこらへんで機関投資家の買いが入ってくるのではないか？
163,まるのん,2780,コメ兵ホールディングス,コメ兵HD 2780 ・今期業績及び中計のローリング（2024年5月に開示予定）により25/3期以降の利益水準の上方修正期待・買取店の展開、今期の積極的な人材投資を大幅増益で吸収しつつ、来期以降のアップサイド要素を着々と形成中・来期EPS500オーバー、今年後半には翌期への期待も乗りEPS水準550くらいが射程になったとき、その成長性からPERも1桁は是正され15倍弱程度は期待できるとすると株価2倍も現実味を帯びてくる。・但し、海外展開含めてグロース投資期が続く中で、配当性向も20％と低く、配当も100円程度だと利回りが1％前半となり、高配当有利の相場の中では一定の抑制作用も働くか。
164,よしぼん,2782,セリア,セリア 円高メリット。考えを変えて高価格ラインをださないか…
165,かぶとみ,2788,アップルインターナショナル,アップルインターナショナル 円安追い風。ただ、業績予想はいつも控えめのため株価もそれに合わせて下落をし夏にかけて上方修正と配当についても増配期待がある銘柄。直近5年間はボックス相場で2〜3 倍ある。
166,アリエス,2788,アップルインターナショナル,アップルインターナショナル　安い水準に売り込まれているが業績はよくバランスシートも悪くない。
167,ramune,2789,カルラ,カルラ　割安かつ月次好調。宮城の半導体工場関連。
168,まぴ,2795,日本プリメックス,日本プリメックス 新紙幣発行で需要あり。さらに、分かりやすいテーマなので思惑上げでひと相場するかも。
169,にったあきら,2812,焼津水産化学工業,焼津水産
170,ramune,2813,和弘食品,和弘食品 割安かつ米国セグメント好調。2024年3月に米国設備5割増設完了。
171,モモクリン（momokurin）,2813,和弘食品,和弘食品、業績予想が保守的なために株価が業績を織り込めない状況
172,お花畑,2876,デルソーレ,デルソーレ　好業績　小型外食株の見直し買い
173,海運,2876,デルソーレ,デルソーレ米大手と提携。売上全体の8割くらいがピザやナンの小麦粉関連と思われ、小麦粉価格下落メリットと中計も出ており会社のやる気も感じられる
174,keiko,2884,ヨシムラ・フード・ホールディングス,ヨシムラフードHDホタテの中国輸出禁止でだいぶ割安になってきている。25年2月期より今期MAが寄与
175,中田B,2903,シノブフーズ,シノブフーズ おにぎりブームが来ている
176,Tat,2903,シノブフーズ,シノブフーズ 業績良く株価も割安、冷凍食品め新規取引先が増えている。新たに名古屋の工場でも製造開始し製造能力を増やしている→販売見込みがあるから
177,海運,2907,あじかん,あじかん低PBR、飼料とうもろこし下落→卵価格下落卵仕入れは国内
178,がっしー会長,2915,ケンコーマヨネーズ,ケンコーマヨネーズ 利益優先主義へ今期より転換、製品値上げと製品の統廃合による利益率アップ、原材料の低下が今年発現
179,五十嵐,2926,篠崎屋,篠崎屋
180,ダンベルドア,2928,RIZAP,RIZAP
181,KM,2928,RIZAP,Rizap - 急成長・出店に伴う集客成功。（リスクは急成長過ぎるための店舗内での不具合・事故）
182,EK,2928,RIZAP,RIZAPグループ
183,やっしー,2928,RIZAP,ＲＩＺＡＰグループ
184,すっぴー,2928,RIZAP,RIZAPグループ　チョコザップは競争戦略上正しいので、ポジティブな数字が出たタイミングでターミナルの成長率にバグを織り込む
185,ハネハネ,2928,RIZAP,RIZAPグループ　チョコザップまだ伸びる目指せ200万人！
186,とっしー,2928,RIZAP,RIZAPグループ　黒字化局面。第二の(略
187,サントーシー,2928,RIZAP,RIZAPグループ　米国進出が成功するとは思わないけど、もし成功したならありえる
188,　ちちやす,2928,RIZAP,チョコ寄与黒転
189,豚さがり,2928,RIZAP,ライザップ　新NISA
190,まちゃ,2928,RIZAP,RIZAPchocoZAPの好調と拡大。中期目標 営業利益300億の達成は今年中には厳しいかと思うが、1度失敗を経験している経営者は強いというのも好材料。
191,投資家N,2928,RIZAP,ライザップ
192,梅太郎,2932,STIフードホールディングス,STIフード 業績良し、チャート良し。
193,ギデ,2934,ジェイフロンティア,ジェイフロンティア
194,するが,2934,ジェイフロンティア,ジェイフロンティア ソクヤクが良いサービスだから
195,がっしー会長,2934,ジェイフロンティア,ジェイフロンティア 勘ですw
196,五十嵐,2936,ベースフード,ベースフード
197,T,2936,ベースフード,ベースフード
198,sakumaT,2936,ベースフード,ベースフード　グロースに資金が向かう予想と四季報で25.2予想で黒転
199,hana,2936,ベースフード,ベースフード　悪材料出尽くし、海外展開に期待
200,えむ,2936,ベースフード,ベースフード 健康志向食品の今後に期待
201,ドットコムのトマト,2936,ベースフード,ベースフード販路が広がれば株主優待して欲しい
202,とっしー,2936,ベースフード,ベースフード　黒字化局面。第二のインフォリッチ()
203,おむすび🍙,2936,ベースフード,ベースフード。カビ問題を無事通過。今期キャンペーンを積極的に実施しており、来期の種まきは十分。来期予想発表後に株価が高騰すると見込む。
204,sei,2937,サンクゼール,サンクゼール　海外背苦戦、値下げ戦略解消に伴い、今年は回復
205,pekepeke,2938,オカムラ食品工業,オカムラ食品 今期は減益予想だが鮭・いくらの需要は強く来期に期待。
206,じゅぽたん,2938,オカムラ食品工業,オカムラ食品　養殖量の拡大
207,猫三昧,2962,テクニスコ,テクニスコ　レーザー用ヒートシンクに強い。水素用センサーも開発中。レーザーテック元取締役を社外取締役に起用。
208,けーさん@,2970,グッドライフカンパニー,グッドライフカンパニー　TSMC関連の不動産として期待。初配期待も。
209,あちし,2970,グッドライフカンパニー,グッドライフカンパニー 菊陽町
210,Yoshua,2980,SREホールディングス,"SRE Hold., 霞が関キャピとの合弁に期待。"
211,めそ,2980,SREホールディングス,SREホールディングス グロース銘柄のリバウンド①
212,ほくと,2980,SREホールディングス,SREホールディングス 不動産市況が継続するなら見直し買い期待
213,翁,2984,ヤマイチ・ユニハイムエステート,ヤマイチ・ユニハイムエステート
214,kenmo,2987,タスキ,タスキ IR説明会日程調整のため1月2日に複数社に連絡を入れたところ、年始にもかかわらずタスキさんだけすぐに返信が来たので。(めっちゃありがたかったけど、高柴さん、ちゃんと年末年始休んでくださいね！)チャートも良さげ。
215,azuai,2987,タスキ,タスキ 成長期待
216,フィナンシェ,2987,タスキ,タスキ 投資用賃貸マンションは引き続き需要ありそう。売上の伸びの実績と意欲的な中計で、株価もついてきたら。
217,Chiharu24,2987,タスキ,タスキ　高成長
218,ロニー,2997,ストレージ王,ストレージ王 減価償却方法変更で利益が出る。
219,hiro,3020,アプライド,アプライド 勉強会でPC買い替えサイクルがあると聞いたから
220,初心,3020,アプライド,アプライド	PC更新需要高まりを受けた特需、九州地盤、それなりの配当
221,Meril,3034,クオールホールディングス,クオール
222,アディ,3034,クオールホールディングス,クオールＨＤ　第一三共エスファのMAで大きな営業利益アップが期待できるものの株価的に信じられてない様子。おそらくは構えるような罠は無い。また、薬価改定でずっと苦しめられていたものがそろそろ流れが変わってくる期待も乗ってくるとみる
223,saku,3034,クオールホールディングス,クオールホールディングス。23年3月期に第一三共ケミファが乗ってくるんでステージが変わる
224,hiroseka（ひろせか）,3034,クオールホールディングス,クオールHD：第一三共エスファを格安でグループ化。製造からプロモーションまで（川上から川下まで）包括的な企業に変わるステージ。
225,あんこ,3036,アルコニックス,アルコニックス　pbr0.65
226,ハネハネ,3038,神戸物産,神戸物産　売上順調　円高銘柄
227,あーうぃん,3045,カワサキ,カワサキ　倉庫等の不動産
228,大陸浪人,3053,ペッパーフードサービス,ペッパーフードサービス
229,クロロ,3064,MonotaRO,MonotaRO 製造業や建築資材の国内回帰そして防災による関連銘柄。成長鈍化で昨年は売られましたが、BtoBにシフトしたことがここにきて相当寄与してくれると思っています。
230,クロロ,3066,JBイレブン,JBイレブン　出遅れラーメン銘柄。優待狙いの個人投資家の買い期待。
231,めがね,3069,JFLAホールディングス,ＪＦＬＡＨＬＤ　業績回復
232,kenmo,3075,銚子丸,銚子丸 お寿司が美味しいから。「高単価商材を扱う内需系で優待もある」みたいな超わかりやすい銘柄が今年は良いと思うので。なぜなら新NISAの一番の買い手は高齢者。
233,happy,3110,日東紡績,日東紡績　　半導体関連
234,ピリヤ,3110,日東紡績,日東紡績 2024/3月期2Q決算説明会質疑応答にて、低誘電ガラスの需要が想定超、台湾スペシャルガラス工場で稼働済炉に加え新しい炉の立ち上げ、のコメント
235,お多福。。,3110,日東紡績,日東紡績　半導体関連　DC向け追い風
236,羽根,3113,UNIVA・Oakホールディングス,UNIVA 低位株　業態変更で
237,クニ,3131,シンデン・ハイテックス,シンデン・ハイテックス　特別損失が無くなり、半導体市況回復による増益・増配
238,hokusansan1,3131,シンデン・ハイテックス,シンデンハイテックス
239,ゆうと,3131,シンデン・ハイテックス,シンデンハイテックス 同社は2023年8月8日に主要取引先の民事再生に伴う貸倒引当金により販管費として6.87百万円の損失を計上予定であり、同時に発表された下方修正では今期業績の営業利益以下の大幅な減益予想に変更し、大幅な減配予想となっています。しかしながら、これらは一過性の批評であり、来期業績に関しては影響は大きくないとみられることから、業績のV字回復・大幅な増配により2倍程度の株価を付ける可能性もあるのではないかと思っています。
240,DAIBOUCHOU,3131,シンデン・ハイテックス,	シンデン・ハイテックス	来期業績で好転し、高配当が復帰。
241,ぺるる,3131,シンデン・ハイテックス,シンデン・ハイテックス　HBM需要、メモリ需要復活
242,ぴょん,3131,シンデン・ハイテックス,シンデンハイテックス 半導体(メモリ)の需要回復✖️システム(生成AI )の成長で増益、増配
243,くろ,3135,マーケットエンタープライズ,マーケットエンタープライズ
244,ia,3150,グリムス,グリムス
245,とらほう,3159,丸善CHIホールディングス,丸善CHIホールディングス 新業態の「丸善リサーチ」の立ち上げが順調そう。公表予定の中計と併せて評価見直しに期待。
246,エル川,3160,大光,大光 中京地盤の業務用食品商社。業務スーパー「アミカ」も。利益率の高い業務スーパー事業の売上が拡大中。事業拡大及び人員増加に対応するため来年4月に本社を移転。それに合わせ外商事業の本店機能を23年12月、羽島物流センター（羽島市）に集約。業務スーパー事業拡大、拠点集約化による利益率改善など発揮できれば更なる成長ありか？
247,にゃり,3161,アゼアス,アゼアス　防護服需要が原発の再稼働のあるなしにかかわらず、上がりそうだから。PBR1倍以下
248,あーうぃん,3161,アゼアス,アゼアス　有事の防護服
249,ケイ,3168,黒谷,黒谷
250,ぴょん,3168,黒谷,黒谷
251,Takamiy,3182,オイシックス・ラ・大地,オイシックスら大地　物流拠点安定化、シダックス買収で食事業拡大。
252,　ちちやす,3187,サンワカンパニー,サンワカンパニー 見直し買い
253,かもめ,3187,サンワカンパニー,サンワカンパニー/2023年騰落率で下落率上位もまだ成長が続いているので反転あれば
254,よっしー,3193,鳥貴族ホールディングス,鳥貴族 海外展開で今後に期待
255,小バンダ,3193,鳥貴族ホールディングス,鳥貴族　国内、海外に出店余地が大きい
256,五十嵐,3224,ゼネラル・オイスター,ゼネラル・オイスター
257,べいべー,3224,ゼネラル・オイスター,ゼネラルオイスター　あたらないカキ量産化　爆益
258,Tat,3238,セントラル総合開発,セントラル総合開発 業績好調ながらPER5.4倍と割安だから
259,ramune,3317,フライングガーデン,フライングガーデン　割安かつ月次良好。通期予想超過。
260,えびす,3319,ゴルフダイジェスト・オンライン,ゴルフダイジェストオンライン　買収会社が寄与、特損消え、業績⤴️
261,Tat,3323,レカム,レムカ 売上高、経常利益、配当金は少しずつ増加している中で株価は100円以下と手を出しやすい。Chat GPT搭載RPAを海外でも投入し始め伸び代があるから
262,あちし,3326,ランシステム,ランシステム 自遊空間へ快活クラブのノウハウ移植できれば
263,ロニー,3326,ランシステム,ランシステム 収益性改善。
264,おいどん,3328,BEENOS,BEENOS 月足チャートでそろそろ底値圏？だから
265,わちムシ,3341,日本調剤,日本調剤。調剤2位。2025年問題で見つけた。薬不足でもそこまで業績ご凹まなかった所もいいと思ったところ。
266,Tat,3347,トラスト,トラスト 業績好調ながら低株価なため
267,まもる,3359,cotta,cotta 　昨期利益率改善あり株価上昇したが現在調整中。中計発表しており、決算で進捗を確認。
268,らう,3374,内外テック,内外テック 【有望テーマ：半導体】半導体関連の出遅れ小型株。売上の７０％超が東京エレクトロン向けとよくも悪くも東京エレクトロンと運命共同体。TSMCやラピダス等、国内半導体工場の建設ラッシュに期待。コロナ特需が一巡し業績は一端反動減だが、長期的に市場は拡大し、2025年には再び最高益を更新見込み。
269,ゆっき,3374,内外テック,内外テック メモリー需要回復期待
270,あんこ,3374,内外テック,内外テック　売上7割が東京エレクトロン。夏以降に半導体需要戻れば。
271,kazu4565,3375,ZOA,ＺＯＡ　資本政策の充実と利益の拡大
272,なべさん＠高配当バリュー投資家,3375,ZOA,ZOAPER 5.3倍、ROE15%で超割安。株主還元あれば。
273,牛歩,3392,デリカフーズホールディングス,：デリカフーズHD理由：24年期の営業利益が前年の倍予想　25年期の営業利益予想（四季報）は前年8％増と控えめ。しかし、JTB予想では24年の外国人旅行者数は150％増とあり、外食需要が激増するのは必至。すでに外食の人手不足が叫ばれているが、さらに逼迫するためカット野菜の導入が進むと予想。その流れのまま26年以降の予想が強気になれば１年で2倍もあるか。設備投資も活発なため、１年で2倍が無理でも数年見てみたい会社。
274,写楽保介,3393,スターティアホールディングス,スターティア デジタルマーケティング事業収益化でEPS伸長。この変化でPER水準訂正。
275,華,3397,トリドールホールディングス,トリドール
276,とものり,3399,丸千代山岡家,丸千代山岡家、今年もラーメン相場。
277,睡眠,3399,丸千代山岡家,山岡家　値上げ、客数維持、新店出店。PLのコントロール上手く間近堅調。EPS拡大とPERの評価拡大。
278,NY,3399,丸千代山岡家,山岡家　深夜帯の飲食店全然再開してない中、２４時間にこだわる謎のポリシーのおかげで残存者利益。
279,バンコク太郎,3415,TOKYO_BASE,ＴＯＫＹＯ　ＢＡＳＥ
280,アヤ(もけもけ山),3415,TOKYO_BASE,TOKYO BASE 海外売上が回復してきたから。
281,なのなの,3416,ピクスタ,ピクスタ 小型でかなり安い
282,たぐけん,3417,大木ヘルスケアホールディングス,大木ヘルスケア　一般用医薬品卸　利益率が1％改善するだけで利益倍増する、兆しはある。
283,TMO,3420,ケー・エフ・シー,ケー.エフ.シー　耐震対策、耐震補修の増加による製品（アンカーボルトなど）の需要が増し、業績に寄与する可能性があるから。　バリエーションも割高ではないとは思う。
284,スーパーこさく,3434,アルファ,アルファ 自動車部品業だが利益はロッカー一本柱。23年10月の物流対策でロッカーが対策の対象外に😨省庁にクレーム入れたか11月に中古マンション向け補助金50万バラマキ決定。過去の国交省補助金と違い大家向け補助金。空室率拡大対策の一環としての取入れは急速に進むのではっ😤
285,GGS,3434,アルファ,アルファ、電子錠成長、宅配ロッカー（物流人手不足）、資産バリュー
286,おざ,3434,アルファ,アルファCo（物流2024年問題）
287,TMO,3435,サンコーテクノ,サンコーテクノ　耐震対策、耐震補修の増加による製品（アンカーボルトなど）の需要が増し、業績に寄与する可能性があるから。バリエーションも安め。
288,マー,3440,日創プロニティ,日創プロニティ
289,いちすけ,3446,ジェイテックコーポレーション,Ｊテック・Ｃ 技術力、テーマ性、成長力とも十分なのでグロースに資金来れば。
290,ほみ株,3446,ジェイテックコーポレーション,ジェイテックコーポレーション
291,まろまろ,3446,ジェイテックコーポレーション,ジェイテックコーポレーション　ニッチな製品で次世代研磨装置プラズマに期待。
292,茶々丸,3446,ジェイテックコーポレーション,ジェイテックコーポ
293,T,3475,グッドコムアセット,グッドコムアセット
294,ピリヤ,3475,グッドコムアセット,グッドコムアセット 前期の期ズレによる下方修正で投げ売りされたところから戻りきっていないので。
295,みま,3475,グッドコムアセット,グッドコムアセット、過去の好業績・割安
296,たっくん,3475,グッドコムアセット,グッドコムアセット 12月は２３年１０月期の最終利益が計画の３２億７６００万円から１０億１４００万円に下振れ。売上高は２２１億９０００万円と、計画の６３０億８７００万円を大きく下回っており、ネガティブ視され下落。一方で24年10月期は53.4億円で同2.5倍と急拡大の見通し。前期の期ずれ案件の寄与などが大幅増益見通しの一因。
297,フィナンシェ,3482,ロードスターキャピタル,ロードスターキャピタル 高収益・利益の伸びを考えれば今はまだ割安にみえる。
298,KM,3486,グローバル・リンク・マネジメント,グローバルリンク　プライム残るための株価達成のための社長アクションによる上昇
299,ブラウン,3486,グローバル・リンク・マネジメント,グローバルリンクマネジメント　パイプラインを持っている＋上方修正＋プライム維持期待
300,お蝶,3494,マリオン,マリオン 上場維持基準を満たすための取組みが積極的
301,shin 619,3498,霞ヶ関キャピタル,霞ヶ関キャピタル
302,ヒデゾー,3498,霞ヶ関キャピタル,霞ヶ関キャピタル
303,ゴミの持ち腐れ,3498,霞ヶ関キャピタル,霞ヶ関キャピタル PIVOTの動画内でサプライズ匂わせ感あり、物流問題2024需要思惑
304,ヒロ,3498,霞ヶ関キャピタル,霞ヶ関キャピタル　意欲的な中計元年前倒しで勢い○、新事業が中計に含まれていない所。利益が今年から反映。
305,キリン＠神戸投資勉強会,3498,霞ヶ関キャピタル,霞ヶ関キャピタル　増資を乗り越え２年連続の２倍株いきましょう！
306,フィナンシェ,3498,霞ヶ関キャピタル,霞ヶ関キャピタル 中計前倒し修正、達成できれば。
307,TAKAS,3498,霞ヶ関キャピタル,霞ヶ関キャピタルもう一回！
308,ドットコムのトマト,3498,霞ヶ関キャピタル,霞ヶ関キャピタル増資でパワーアップ冷蔵倉庫など目の付け所が良い
309,DAIBOUCHOU,3498,霞ヶ関キャピタル,	霞ヶ関キャピタル	売却益が想定以上？
310,ひろたん,3498,霞ヶ関キャピタル,霞ヶ関キャピタル　時価総額812億　1/5終値8510円　10/3決算発表当期純利益20.5億　太陽光発電、ホテル事業等、多角的に事業展開され、年末時点で株価2倍以上になると考えます。
311,モモクリン（momokurin）,3498,霞ヶ関キャピタル,霞ヶ関キャピタル、公募増資を高い株価で実施して目先の懸念を解消し事業へフルスロットルがかけられる状況、発表時期未定だが新中計でビジネスモデルを不動産の垂直統合型へ昇華させることが明らかになれば株価は昇竜拳
312,maro,3498,霞ヶ関キャピタル,霞ヶ関キャピタル
313,すみ,3498,霞ヶ関キャピタル,霞ヶ関キャピタル
314,☆にゃー☆,3498,霞ヶ関キャピタル,霞ヶ関キャピタル、中計の実現性が高まっていること、利益が加速しているため下期にさらにいい数字が出ると達成できるのではないか？
315,ねふぇ,3537,昭栄薬品,昭栄薬品 低PBR銘柄、優待新設。3月までは優待目当てで上がると思う。その後は一旦、落ち着くも、NISAで買われそうな気がする。
316,だーしか,3540,歯愛メディカル,歯愛メディカル 新物流センターに期待
317,end＠電力大好き,3556,リネットジャパングループ,リネットジャパン本業Windows10廃止でパソコン廃棄↑SEOは無敵。市役所など公共機関からの被リンク。不採算事業10億で売却(1.5億を現金、他は株式。)買収したアニスピでサンウェルズモデル開始。
318,えびす,3556,リネットジャパングループ,リネットジャパン　下落の原因は子会社社員の負債融資（その子会社は売却済み）本業は、軌道に乗っているのに上場来安値は、安すぎるので
319,きづ,3561,力の源ホールディングス,力の源HD 海外でのラーメン人気は続く
320,mayumayu,3561,力の源ホールディングス,力の源HD 店舗前に長蛇の列、外国人だけではなく日本人も凄い人。チャートも下げ止まり反転しそう。
321,とらほう,3561,力の源ホールディングス,力の源ホールディングス ラーメンは一相場終わった感出てるけど数字的にもまだいけるはずという期待。インバウンドだけじゃなく業界全体としてチェーン店への集約も進む余地がありそう。今の株価水準なら2倍もあり得るのでは。
322,さふらん,3563,FOOD＆LIFE_COMPANIES,FOOD & LIFE COMPANIES 来期、大幅増収増益予想。海外展開を更に一段進める。
323,めがね,3563,FOOD＆LIFE_COMPANIES,FOOD＆LIFE COMPANIES　海外展開に期待
324,カヌレ,3563,FOOD＆LIFE_COMPANIES,FOOD&LIFE COMPANY  迷惑動画やおとり広告で売り込まれたものの中計が意欲的。海外展開に期待。
325,あそびにん,3563,FOOD＆LIFE_COMPANIES,F＆L Company
326,JYO,3563,FOOD＆LIFE_COMPANIES,Ｆ＆ＬＣ
327,円蔵,3563,FOOD＆LIFE_COMPANIES,Ｆ＆ＬＣ　処理水の問題が片付いて、中国への展開が進みそうなので
328,与野,3563,FOOD＆LIFE_COMPANIES,ＦＯＯＤ　＆　ＬＩＦＥ　ＣＯＭＰＡＮＩＥＳ、底打ちして反転
329,☆にゃー☆,3563,FOOD＆LIFE_COMPANIES,Food&LC：中計を見て、海外展開に期待が持てる
330,フックン,3566,ユニフォームネクスト,ユニフォームネクスト 時価総額が低く成長性の高い企業。株価は直近で売られ過ぎ。
331,ほしいも,3566,ユニフォームネクスト,ユニフォームネクスト 来季も猛暑が来るはずなので業績UP期待・第2のワークマンみたいになれたらありかも
332,ゆっき,3612,ワールド,ワールド 2024年2月期は決算期変更により営業利益58億想定だが来期85億と見栄えよし 2026年2月期100億想定に向け順調に進捗中
333,まえだ（前田嘉一）,3623,ビリングシステム,ビリングシステム
334,hiroseka（ひろせか）,3624,アクセルマーク,アクセルマーク
335,しょうり,3628,データホライゾン,データホライゾン　急落後の反発に期待
336,なのなの,3633,GMOペパボ,ＧＭＯペパボ 特損なくなり利益・配当正常化へ
337,AK,3641,パピレス,パピレス　MBOか、買収でお願いします。業績はクソ
338,プケ,3653,モルフォ,モルフォ チャート反転
339,saku,3655,ブレインパッド,ブレインパッド。AI銘柄として競合比格安。TOB期待もあり
340,キューピー,3655,ブレインパッド,ブレインパッド　　2023年経営陣の交代。生成AI関連。人材が若手優秀で、今後も人材確保の面から買収ありかと思いました。
341,じょにー,3656,KLab,KLab株式会社
342,end＠電力大好き,3660,アイスタイル,アイスタイル売上↑で利益率が変わってくるタイミング。株主総会にてAmazonとの売上は業績予想に含んでいないとのこと。
343,しょうり,3662,エイチーム,エイチーム　四季報を信じてみた
344,ぺるる,3662,エイチーム,エイチーム　プライム残留を懸けた好業績達成と株主施策
345,SAKANA,3676,デジタルハーツホールディングス,デジタルハーツ　SHIFTに比べると、規模が小さく、割安だから。
346,hiroseka（ひろせか）,3676,デジタルハーツホールディングス,デジタルハーツ
347,　ちちやす,3679,じげん,じげん ワンチャンあるジョー
348,矢部,3682,エンカレッジ・テクノロジ,エンカレッジ・テクノロジ
349,松井優作,3682,エンカレッジ・テクノロジ,エンカレッジテクノロジー  サイバーセキュリティで恩恵あれば 配当も4％
350,さざなみ,3682,エンカレッジ・テクノロジ,エンカレッジテクノロジ(3682)  セキュリティ関連ソフト販売保守　値上げ期待
351,にったあきら,3687,フィックスターズ,フィックスターズ
352,rurio,3694,オプティム,オプティム　三次元測量アプリ契約増。保有特許豊富。
353,Bolsa,3696,セレス,セレス　暗号資産の暴騰でブームが再来
354,先高,3708,特殊東海製紙,特殊東海製紙 段ボールの需要が伸びる＆円高により、利益が伸長。低PBR。増配も？
355,まぴ,3712,情報企画,情報企画 高収益率で毎年地味ではあるが成長続けてる。2020年から試してる上場来高値を超えれば株価に勢い付きそう。
356,こた,3733,ソフトウェア・サービス,ソフトウェアサービス
357,ポンポコたぬき,3773,アドバンスト・メディア,アドバンスト・メディア 音声認識技術No.1DXに必要な技術
358,らう,3776,ブロードバンドタワー,ブロードバンドタワー 【有望テーマ：データセンター】高市早苗さん本によると、データセンターの消費電力は2030年に６倍、2050年に857倍になるという。営業利益はたいして儲かって成さそうだが、営業ＣＦを見ると結構儲かっており、私はこれを『逆粉飾決算』『株つらい（爆益）』パターンと名付けた。大化けに期待。
359,カヌレ,3778,さくらインターネット,さくらインターネット　『さくらのクラウド』ガバメントに認定
360,happy,3778,さくらインターネット,さくらインターネット生成AI関連
361,りょう,3778,さくらインターネット,さくらインターネット
362,めそ,3788,GMOグローバルサイン・ホールディングス,GMOグローバルサイン  グロース銘柄のリバウンド②
363,tony,3791,IGポート,IGポート まだ200億代…コッカラッス
364,くりごはん,3793,ドリコム,ドリコム
365,ブラウン,3798,ULSグループ,USLグループ　人材を大量採用でき投資の結果が数字に表れそう
366,あきんこ,3810,サイバーステップ,サイバーステップ　訪日客にクレーンゲームが人気
367,お花畑,3814,アルファクス・フード・システム,アルファックスフードシステム　人手不足テーマ株　ＡＩ配膳ロボット
368,Tommy,3835,eBASE,ｅＢＡＳＥ SaaS ARR＋2024年は大手企業採用事例の横展開で爆発してくれます
369,yuko,3840,パス,パス
370,茶々丸,3840,パス,パス
371,nt164,3847,パシフィックシステム,パシフィックシステム　親子上場、低PBR、高配当
372,momo,3848,データ・アプリケーション,データアプリケーション 割安。好ビジネスモデル
373,ゆうき,3854,アイル,アイル 人材不足関連銘柄で期待
374,VASHI,3856,Abalance,エーバランス　
375,たう,3857,ラック,ラック サイバーセキュリティ関連
376,猫三昧,3878,巴川コーポレーション,巴川コーポレーション　製紙業から半導体関連銘柄にビックチェンジ
377,もりお,3895,ハビックス,ハビックス　円高メリット　販売先の外食産業回復
378,深田恭子,3895,ハビックス,ハビックス
379,rurio,3900,クラウドワークス,クラウドワークス　人材マッチング．副業。自社株買いや配当など株主還元検討中。
380,end＠電力大好き,3903,gumi,gumiブロックチェーンゲームローンチ。
381,ayame,3907,シリコンスタジオ,シリコンスタジオ
382,なのなの,3912,モバイルファクトリー,モバイルファクトリー ブロックチェーン撤退は逆にチャンス。出遅れインバウンド銘柄
383,ia,3915,テラスカイ,テラスカイ
384,rurio,3917,アイリッジ,アイリッジ　関西鉄道7社が展開する広域型アプリ開発支援。
385,タダモノ,3918,PCIホールディングス,(香港) ナガコープ　カジノ需要回復
386,まるのん,3922,PR_TIMES,PR TIMES 3922 ・業績の成長回帰による復調期待・中計通りにいくとEPS95-100円、年末には25/3期期待へシフトしており、中計通りならEPS125。PERは20-30倍を見込めれば2倍化。・但し、現時点の状況からみると、中計達成確度が高くない点は留意が必要。
387,田上 太郎,3923,ラクス,ラクス 楽々シリーズの契約が好調のため
388,ダンベルドア,3926,オープンドア,オープンドア
389,牛肉太郎,3926,オープンドア,オープンドア　円高での海外旅行需要爆発にベット
390,あきんこ,3926,オープンドア,オープンドア　米の利下げと日銀マイナス金利撤廃による円高で海外旅行需要
391,AK,3931,バリューゴルフ,バリューゴルフ　こちらはTOBで。楽天かゴルフダイジェストが買いませんか。業績はクソ
392,ぼんやり田中さん,3937,Ubicomホールディングス,ubicom　2つの特需で業績向上
393,バンコク太郎,3937,Ubicomホールディングス,Ｕｂｉｃｏｍ パクリ
394,たっくん,3937,Ubicomホールディングス,Ｕｂｉｃｏｍ 日本のIT人材が確保できない状況が続き、フィリピン人のオフショア開発に頼る企業が増えてきている。　従来は中国の現地IT人材にオフショア開発を頼る企業も多かったですが、2022年にできた経済安全保障推進法で、中国系の人材を開発に関与させることを控える流れができ、「じゃあフィリピンで」となりました。　クリニック向けのSaaS「 Mightyシリーズ」も提供しており、業界シェア50%以上を誇っています。2024年には医師の働き方改革も進むので、医療DXの追い風も吹きます。
395,Jun,3939,カナミックネットワーク,カナミックネットワーク2025年は介護問題が益々注目を集めると思うので、2024年中に仕込むのがいいかと思った。ほかにも介護銘柄はあるが、DXに関連しているもので選んだ。小型株なので2倍はあり得ると思う
396,こいけ,3944,古林紙工,古林紙工
397,矢部,3945,スーパーバッグ,スーパーバック
398,まぴ,3945,スーパーバッグ,スーパーバッグ 去年３Qで黒転した際（決算発表は2月）に２連S高からの上ヒゲで高値から50％近く落ちたが、9月に高値更新し、まだ上昇していけそう。指標は割安、配当90円で現時点で3.7%。レジ袋有料化に伴う減少は底打ち&原材料高を値上げで吸収、ということで、今年材料高騰が落ち着けばさらに利益伸ばせるのでは。インバウンドがコロナ前を超えていけば、お土産の紙袋需要も更に増えていきそう。
399,だーしか,3962,チェンジホールディングス,チェンジホールディングス DX
400,piyopiyodawan,3962,チェンジホールディングス,チェンジホールディングス 株価低迷の一方、普及が進んでいるため。
401,たこ,3962,チェンジホールディングス,チャンジ EPS成長
402,牛歩,3962,チェンジホールディングス,チェンジHD理由：確固たる理由はありません。信用倍率高すぎからの低迷が長いですが、さすがに安すぎるのでは？一度火が付けばワンチャン2倍。
403,先高,3962,チェンジホールディングス,チェンジ ふるさと納税の手数料引き上げ。積極的なM&A。
404,ぴょん,3963,シンクロ・フード,シンクロフード　流通時価総額100億割れ対策発表
405,あお,3969,エイトレッド,エイトレッド DX銘柄。高利益率で成長中もPER13程度
406,hokusansan1,3974,SCAT,ユーザーローカル 人材不足に伴うチャットボット需要と本格的なAIバブル希望
407,たこ,3979,うるる,うるる EPS成長
408,秋吉義明,3979,うるる,うるる 減益織り込み済みと順調な増収による水準訂正
409,neko4979,3979,うるる,うるる　　ユーザーとして同社主力サービスのNJSSの優位性を理解しているため
410,与野,3983,オロ,オロ、価格改定など
411,ia,3984,ユーザーローカル,ユーザーローカル
412,ケイ,3984,ユーザーローカル,ユーザーローカル
413,　ちちやす,3989,シェアリングテクノロジー,シェアリングテクノロジー 癖悪だけど事業好調
414,とっしー,3989,シェアリングテクノロジー,シェアリングテクノロジー　既存事業売上4Q、前年同期比+41%。予想はど控えめで(税効果あるも)PER一桁。
415,end＠電力大好き,3990,UUUM,UUUMフリークアウトに買収。創業者退任。広告側配信側2〜20円で動画配信者側収益0.2円〜。アドセンスモデルから脱却できれば。
416,sasuke,3992,ニーズウェル,ニーズウェル
417,Nori. H,3992,ニーズウェル,ニーズウェル　なんとなく
418,YOKO,3993,PKSHA_Technology,パークシャーテクノロジー 話題のAI関連
419,よっしー,4004,レゾナック・ホールディングス,レゾナック・ホールディング 半導体業界での技術力が強み
420,グコウさん,4005,住友化学,住友化　経団連会長だしPBR改善目指す？あと不採算事業再編すすめば
421,めそ,4005,住友化学,住友化学  黒字転換できれば可能性あるかも①
422,すっぴー,4005,住友化学,住友化学　シクリカルは底で買う
423,ひらはら,4005,住友化学,住友化学 住友ファーマ負債と石化回復、稲畑産業株売却240億円、黒字化インパクトで
424,柊@kabu,4005,住友化学,住友化学　十倉会長(経団連の会長)の名に懸けて、業績改善・負債圧縮・PBR改善を実施。赤字でも配当3%over、今が底
425,イタル,4005,住友化学,住友化学　売られ過ぎ
426,かぶとみ,4005,住友化学,住友化学 目先の業績は不振だがナフサ価格が上昇傾向で配当継続の姿勢とそれに見合う1500億円捻出をするための政策保有株7割減を発表。さっそく稲畑産業の売出しを行う予定となった。今後も関連会社、保有株の売却が期待できることから次第に業績も緩やかに回復する可能性がある。また、会長でもある経団連の十倉さんの意地を見せて欲しい（笑）
427,Yoshua,4005,住友化学,"住友化学, そろそろ化学の時代か？"
428,EK,4005,住友化学,住友化学
429,タイ,4012,アクシス,アクシス
430,KM,4015,アララ,アララ　インドでのシェア拡大に伴う売り上げ増加。会社名変更で株価下がるたびにあらら....と言われなくなる。
431,azuai,4015,アララ,アララ 黒字転換
432,AK,4027,テイカ,テイカ　今期は工業製品向け不振・UV化粧品関係が資生堂に売れず撃沈、とすると来期は戻るのでは？低PBR、還元強化、バリュー相場継続で2倍に…。
433,らう,4040,南海化学,南海化学 IPOセカンダリ（シクリカル）。既存事業も好調だが、新規事業（硫酸リサイクル）に期待。半導体や全個体電池の製造工程（硫酸による洗浄）が行われるが、現在は使用済み硫酸は焼却しており、リサイクルされていない。環境問題やコスト意識もあり、リサイクルは需要の拡大が期待できる。硫酸リサイクルは他社は行っておらず独占の期待も。今後の半導体工場建設ラッシュは追い風。TSMCから受注できたら大化けも。
434,pekepeke,4040,南海化学,南海化学 化学品事業好調。半導体メーカ向けの環境事業も伸展中。
435,あい,4040,南海化学,南海化学　半導体製造におけるの硫酸リサイクル事業に期待
436,なべさん＠高配当バリュー投資家,4044,セントラル硝子,セントラル硝子PER6.6倍は割安、中計でROE12%、DOE3.6%目標とある。これ達成できれば配当利回り6％以上
437,じゅぽたん,4046,大阪ソーダ,大阪ソーダ　肥満薬の精製シリカゲルの需要大
438,タダモノ,4047,関東電化工業,関東電化　アクティビスト　半導体回復　還元強化
439,モモクリン（momokurin）,4054,日本情報クリエイト,日本情報クリエイト、営業強化の遅れでグリッチしていたが挽回できてきている、電子契約法改正の追い風や価格改定も進んでおり売上利益ともに成長回帰が期待できる状況、現在の株価700円所は岩盤ラインで下値も限られていると思われる
440,Tommy,4055,ティアンドエス,ティアンドエス 昨年も2倍達成してるけど日本に半導体工場ムーブメントが来てるのであやかれるはず
441,あきら,4058,トヨクモ,トヨクモ　　サイボウズからの出資を受けての別会社に期待。保有済
442,たかたか,4058,トヨクモ,トヨクモ
443,hokusansan1,4058,トヨクモ,トヨクモ
444,ののこ🍣,4058,トヨクモ,トヨクモ IR室設置してないけど個人向けIRセミナーには登壇してたり少しずつ変わってきてる印象。高成長を続けてるのでそろそろ上がってほしい願望。
445,rurio,4058,トヨクモ,トヨクモ　キントーンと連携。サイボウズ　キントーンの知名度UPと共にそろそろ。
446,スーパーこさく,4058,トヨクモ,トヨクモ サイボウズアプリ開発。コロナ時に大規模向け問合せ多発で行政DX挑戦で子会社設立。ノーコード大規模化で素人運用者をサポートでライセンスも高単価に。それでも価格は大手SIの1/10。給与水準爆上げと中計発表せずで評価されずだが当たれば伸びるはずっ👺
447,gonta@株,4058,トヨクモ,トヨクモ　自治体に入るかも
448,ぼんやり田中さん,4058,トヨクモ,トヨクモ　自治体向けサービスで成長
449,ヨールト,4058,トヨクモ,行政DXのテーマ株＋1月の災害はカタリスト
450,ミキスケ,4058,トヨクモ,トヨクモ
451,ヨシ,4060,rakumo,rakumo 【理由】①増益期待（値上げ） ②直近好決算の小型株 ③Saas系見直し買いの流れに期待（資金シフト）
452,ゆっき,4060,rakumo,rakumo 2024年4月〜値上げ。ユニークユーザ数50万人×値上げ100円/月=5000万/月の利益増
453,よぴ,4060,rakumo,rakumo 4月1日から値上げを開始
454,ぼんやり田中さん,4060,rakumo,rakumo　来期から値上げ浸透　買収先も収益化
455,ぼんやり田中さん,4060,rakumo,ハウテレビジョン　人員増など先行投資終わり収穫期
456,与野,4060,rakumo,",RAKUMO　価格改定"
457,moo,4060,rakumo,rakumo
458,JYO,4060,rakumo,ｒａｋｕｍｏ
459,ちょる子,4062,イビデン,イビデン4062 半導体先端パッケージ
460,フックン,4063,信越化学工業,信越化学工業 時価総額で考えれば到底2倍は考えにくい。が、今年、もしバフェットが買っていることが判明すれば一気に2倍もありうる。この規模で毎年営業利益率25％、ROE20％は驚異的。おまけにPER22もまだ安い。
461,ゆうき,4071,プラスアルファ・コンサルティング,プラスアルファ 人的資本はこれからも伸びると思います
462,おざ,4071,プラスアルファ・コンサルティング,プラスアルファコンサルティング
463,T,4076,シイエヌエス,シイエヌエス
464,ギデ,4076,シイエヌエス,シイエヌエス
465,sakumaT,4076,シイエヌエス,シイエヌエス　有利子負債０で堅調にグロースしているのと低時価総額
466,くま,4080,田中化学研究所,田中化学研究所　EVが4月以降盛り上がる
467,スカイラー,4116,大日精化工業,大日精化工業 業績回復+株主還元期待
468,ピリヤ,4116,大日精化工業,大日精化工業 現行２～３割の配当性向を次期中経（2025 年３月期～）にて見直し予定。また政策保有株式の売却も、次期中計で引き続き実施することを公表済み。
469,本屋,4116,大日精化工業,大日精化 PBR1目指すも現状0.3倍代 かつ利回り3％あるし現金も有価証券もたくさん。5月の中経で具体的な数字出てきて跳ねそう。
470,ゆうき,4169,ENECHANGE,エネチェンジ EV充電好調＋電力切り替えも復調を期待
471,だーしか,4169,ENECHANGE,ＥＮＥＣＨＡＮＧＥ やっぱり好きなので
472,いちすけ,4169,ENECHANGE,ＥＮＥＣＨＡＮＧＥ ロンドン橋に到着したので株価も次のステージに
473,ぱふぇっと,4169,ENECHANGE,ENECHANGE 黒字化
474,すみ,4169,ENECHANGE,ENECHANGE
475,なのなの,4170,Kaizen_Platform,Ｋａｉｚｅｎ　Ｐｌａｔｆｏｒｍ そろそろ反転してもいい頃
476,にったあきら,4174,アピリッツ,アピリッツ
477,べいべー,4175,coly,coly キャッシュ52億のバリュー ゲームヒットで黒転
478,Meril,4180,Appier_Group,Appier
479,サントーシー,4180,Appier_Group,Appier Group 会社計画は保守的。米国及び欧州市場における売上収益成⾧率の加速に期待
480,にゃり,4188,三菱ケミカルグループ,三菱ケミカルグループ  総合化学首位。PBR1倍以下
481,happy,4192,スパイダープラス,スパイダー建設業の2024年問題でこれから伸びそう
482,ドットコムのトマト,4192,スパイダープラス,スパイダープラス建築2024問題、IRが豊富
483,大陸浪人,4192,スパイダープラス,スパイダープラス
484,ほみ株,4192,スパイダープラス,スパイダープラス
485,タダモノ,4192,スパイダープラス,スパイダープラス　関電工との連携
486,ぐらぐら,4192,スパイダープラス,スパイダープラス　働き方改革関連法、赤字からの黒転
487,hiroseka（ひろせか）,4192,スパイダープラス,スパイダープラス
488,ミキスケ,4192,スパイダープラス,スパイダープラス
489,写楽保介,4198,テンダ,"テンダ 2年半前IPO。会社や事業の買収で2倍化の野望。（""信長の野望""）"
490,AK,4235,ウルトラファブリックス・ホールディングス,UFHD　財務に不安があるも、為替に反応した業績と、2025年期中計達成期待が出てくる年後半に期待したい。
491,まえだ（前田嘉一）,4237,フジプレアム,フジプレアム
492,にゃり,4241,アテクト,アテクト  半導体保護資材で世界首位。半導体の需要は今後も伸びると思うので、保護資材も一緒に需要が伸びるはず。
493,こいけ,4251,恵和,恵和
494,お花畑,4251,恵和,恵和　パソコンの買い替え需要と新規事業の売上貢献
495,べいべー,4251,恵和,恵和 中計 営利年３５％成長 在庫調整からの反転
496,よぴ,4258,網屋,網屋 フローからストックへの転換
497,grass hopper,4258,網屋,網屋 順調に上がっていけば…
498,けーさん@,4258,網屋,網屋　新規上場からあまり経過しておらず、過去最高益継続中。中計の進捗も順調。
499,本屋,4258,網屋,網屋 SaaS移行が上手くいって利益急増
500,maro,4258,網屋,網屋
501,いちすけ,4261,アジアクエスト,アジアクエスト 足元は稼働率低下しているため業績悪く株価低迷しているが、順調にエンジニア数は増えておりワンチャンある。
502,梅太郎,4261,アジアクエスト,アジアクエスト 大穴狙い
503,ごんきち,4264,セキュア,セキュア 無人店舗（人材不足）：昨年の開示で無人店舗に関するものが複数ありその辺りが評価される
504,さふらん,4268,エッジテクノロジー,エッジテクノロジー AIソリューションの需要増。来期大幅増益予想。
505,しのぴー＠横綱　若三杉,4270,BeeX,BeeX
506,たう,4270,BeeX,BeeX
507,kazu4565,4270,BeeX,BeeX 　一株当たり利益の拡大による初配当
508,rei,4286,CLホールディングス,CLHD 利益率改善傾向。トップラインが順当に伸びれば営利20億以上狙える。
509,にゃり,4319,TAC,TAC　政府がリスキリングをうたっているため。PBR1倍以下
510,ほくと,4334,ユークス,ユークス 復活期待
511,バクタ,4345,シーティーエス,CTS   DX、2024年問題、人手不足解消、国道強靭化
512,rei,4356,応用技術,応用技術 建設2024関連。今期を底に来期から営利が上向いてくると思います。
513,フックン,4361,川口化学工業,川口化学工業 根拠は全くないが時価総額が低いので何らかのキャタリストに期待
514,中田B,4369,トリケミカル研究所,トリケミカル研究所 半導体決算底打ち明確で上げる
515,ゆきお,4371,コアコンセプト・テクノロジー,CCT 成長しそうで、プライム移行しそうなので
516,ミキスケ,4371,コアコンセプト・テクノロジー,コアコンセプトテクノロジー
517,ぱじぃた,4374,ROBOT_PAYMENT,ROBOTPAYMENT
518,masa,4374,ROBOT_PAYMENT,ロボットペイメント     アープ、ユーザーともに上がっている、加えて新プロダクトが好調
519,たこ,4374,ROBOT_PAYMENT,ロボペイ EPS成長
520,大きなかぶ,4374,ROBOT_PAYMENT,ROBOTPAYMENT。人手不足対策の銘柄として、評価される。
521,本屋,4377,ワンキャリア,ワンキャリア 　売り手市場で求人数↑ 学生数→ 1人あたり受験社数↓ で各社いかに学生数集めるか苦戦している。ここはまだ利用数が1000ちょっとでマイナビは2万↑で拡大余地あり。今期から大阪拠点開設、代理店網も揃ってきたのでまだまだ拡大続く。
522,mio,4377,ワンキャリア,ワンキャリア　これからっす！
523,みま,4377,ワンキャリア,ワンキャリア、高成長・人材不足
524,ボンボン,4382,HEROZ,HEROZ AIsaasの伸びに期待
525,深田恭子,4382,HEROZ,HEROZ
526,めがね,4385,メルカリ,メルカリ　インフレ防衛のため
527,えむ,4385,メルカリ,メルカリ 事業拡大などで下降している株価が上昇することに期待
528,けーさん@,4386,SIGグループ,SIGグループ　業績堅調で低時価総額。良い決算が出れば風向き変わりそう。
529,ほみ株,4389,プロパティデータバンク,プロパティデータバンク
530,がっしー会長,4390,IPS,IPS フィリピン海底ケーブル開通による業績拡大期待、子会社の上場期待
531,海運,4390,IPS,IPSフィリピンのNTTになる
532,いっちゃん,4390,IPS,アイ・ピー・エス 海底ケーブル順調に伸びる、国内の大手通信会社と資本業務提携し、機関投資家の買い広がる
533,すっぴー,4390,IPS,アイピーエス　フィリピン
534,プケ,4391,ロジザード,ロジザード 四季報見出し好調続いているため。
535,たう,4391,ロジザード,ロジザード 物流テック
536,grass hopper,4391,ロジザード,ロジザード　物流関連の2024年の時間外労働規制
537,リネラブ,4391,ロジザード,ロジザード 物流問題解決での需要
538,ごんきち,4393,バンク・オブ・イノベーション,バンク・オブ・イノベーション 四季報にもある2017年から開発中の新作情報が今年中には出るのでは
539,くりごはん,4393,バンク・オブ・イノベーション,バンクオブイノベーション
540,moo,4393,バンク・オブ・イノベーション,バンクオブイノベーション
541,どみの,4397,チームスピリット,チームスピリット 黒字化すれば跳ねそう
542,うわん,4412,サイエンスアーツ,サイエンスアーツ
543,翁,4412,サイエンスアーツ,サイエンスアーツ
544,AK,4412,サイエンスアーツ,サイエンスアーツ　2024年はグロース盛り上がってほしい。
545,YOKO,4413,ボードルア,ボールドア
546,バール,4415,ブロードエンタープライズ,ブロードエンタープライズ  中計期待で
547,masa,4415,ブロードエンタープライズ,ブロードエンタープライズ　新プロダクト BRO-ROOMが業績を引き上げると推測
548,茶々丸,4415,ブロードエンタープライズ,ブロードエンタープライズ
549,azuai,4418,JDSC,ＪＤＳＣ 黒字転換
550,Tommy,4418,JDSC,ＪＤＳＣ 前から気にしてる銘柄です
551,ヒデゾー,4419,Finatextホールディングス,FINATEXT HD
552,sakumaT,4419,Finatextホールディングス,Finatextホールディングス　四季報で25.3予想絵営業利益5倍増
553,masa,4419,Finatextホールディングス,Ｆｉｎａｔｅｘｔホールディングス　　基幹システムの差し替えも手掛けだしたため、参入障壁をいろいろポイントで築けているため
554,するが,4430,東海ソフト,東海ソフト 愛知銘柄に頑張ってほしいから。2024年問題の次は2025年問題(IT人材不足)！
555,ヨールト,4435,カオナビ,働き方改革＋健康経営は今年のカタリストになりえそう
556,tony,4437,gooddaysホールディングス,GDH 良品計画と懇意、スケールしそう。
557,ia,4439,東名,東名
558,Yokabun,4442,バルテス・ホールディングス,バルテス　ソフトウェアテスト
559,まえだ（前田嘉一）,4443,Sansan,Ｓａｎｓａｎ
560,momo,4443,Sansan,Sansan  billione 成長。ラクス相対安い
561,sufo,4448,Chatwork,Chatwork 黒字化すれば上昇するのではないかと思います。
562,ダイナー,4477,BASE,ＢＡＳＥ 値上げ効果による強気の来期黒転予想
563,とおるがfire,4481,ベース,ベース業績の伸びに比べ割安
564,rurio,4482,ウィルズ,ウィルズ　プレミアム優待倶楽部。新NISAスタートで契約企業増える？
565,ごんきち,4486,ユナイトアンドグロウ,"ユナイトアンドグロウ ２倍株研究会発表銘柄：神戸投資勉強会in東京での説明を聞いて：勉強会翌日の高騰や昨日のグロース下落でも強く1,150円6,000枚の売り板も4,100枚1,900枚の買いが入っており強さを感じた"
566,中田B,4486,ユナイトアンドグロウ,ユナイトアンドグロウ 神戸投資勉強会で会社説明を受けて良いと思った
567,よぴ,4486,ユナイトアンドグロウ,ユナイトアンドグロウ 値上げ効果の寄与に期待
568,五十嵐,4487,スペースマーケット,スペースマーケット
569,深田恭子,4488,AI_inside,AI Inside
570,らう,4489,ペイロール,ペイロール IPOセカンダリ（クオリティ株）。ＤＢ蓄積型のビジネスモデルであり、時間が立つほど他社の参入が難しくなる。ストックビジネス(ストック比率は毎年85～90%前後)、シェアNo1（５５％）などビジネスモデル面で優れている。将来は蓄積したＤＢを元に分析型企業に変貌を期待。人的資本開示向けなど一部、データ分析サービスも開始した。市場規模は潜在大企業の従業員数1500万人し対し、アウトソース開拓済は98万人と10倍以上の拡大余地がある。
571,大きなかぶ,4489,ペイロール,ペイロール
572,くま,4490,ビザスク,ビザスク
573,タイ,4492,ゼネテック,ゼネテック
574,しょうり,4495,アイキューブドシステムズ,アイキューブドシステムズ　中計次第？
575,しょうり,4496,コマースOneホールディングス,コマースOneホールディングス　なんとなく
576,ミキスケ,4498,サイバートラスト,サイバートラスト
577,みま,4499,Speee,SPEEE、デジタルコイン
578,クロロ,4506,住友ファーマ,住友ファーマ　赤字からのV字回復期待。配当復活や新薬、PBR解消がカタリストなりえるかなという予測です。
579,ダイナー,4506,住友ファーマ,住友ファーマ 赤字からの復活
580,モモクリン（momokurin）,4524,森下仁丹,森下仁丹、カプセル受託事業は売上比率2割で利益の8割を出す、これの伸び代に期待
581,Kent,4554,富士製薬工業,富士製薬 不妊治療薬が競合品の出荷停止影響で販売増続く。新製剤棟の稼働で利益率高いホルモン薬など婦人科領域が尻上がり。
582,まえだ（前田嘉一）,4554,富士製薬工業,富士製薬工業
583,hiroseka（ひろせか）,4554,富士製薬工業,富士製薬工業：後発医薬品企業から新薬医薬品企業への移行。エムスリーとの共同開発はシナジー期待（エムスリーにとっても初の試み）
584,のりぞー,4565,そーせいグループ,そーせいグループ
585,ほーちゃんのパパ,4565,そーせいグループ,そーせいグループ
586,ひんご,4565,そーせいグループ,そーせい。業績安定化に伴う安定株主の増加とボラティリティ減少によるファンド組入
587,たっくん,4570,免疫生物研究所,免疫生物研究所 エーザイの新薬と同社の試薬との関連性が着目されているもようで、今後もエーザイの株価との連動性が話題になりそうである。赤字続きだったので、株価水準が低い。10バガー候補。
588,ほーちゃんのパパ,4572,カルナバイオサイエンス,カルナバイオサイエンス　創薬が大当たり
589,写楽保介,4575,キャンバス,キャンバス 7個も銘柄を挙げられないので、遊び枠。
590,AKI,4575,キャンバス,抗がん剤新薬に期待
591,クニ,4598,Delta-Fly_Pharma,デルタフライ　DFP-10917の治験結果良好により上市で黒字化思惑
592,Chiharu24,4617,中国塗料,中国塗料　　高成長
593,COWとれーだー,4617,中国塗料,中国塗料 船舶塗料でトップシェア。燃費規制による高性能船底防汚塗料の需要拡大。利回り4.２％
594,豚さがり,4617,中国塗料,中国塗料　造船
595,お蝶,4617,中国塗料,中国塗料 造船テーマと高配当
596,どみの,4617,中国塗料,中国塗料 造船系ペンキ
597,豚さがり,4661,オリエンタルランド,オリエンタルランド　新NISA　みんな大好きミッキー
598,ベリーピザ,4664,アール・エス・シー,RSCビルメンテナンス事業。DX化進めており人材不足の業界において優位性あるのではないか。新規投資も積極的。
599,えむ,4680,ラウンドワン,ラウンドワン アメリカ進出もあり、今後期待したい
600,いちすけ,4680,ラウンドワン,ラウンドワン 好調な海外事業拡大とROUND ONE Delicious への期待が続けば株価のステージは変わるかも。
601,Jun,4689,LINEヤフー,Lineヤフー新規投資家が増え知名度や優待・配当で人気が出る1年になると予想。低位株も重視している。ここは優待・高配当銘柄ではないが、圧倒的な知名度とインフラを持ちシナジーが効きだしたらジリジリ上がるかもしれない。なお、メディアの広告収益は昨年のグーグルのコアアップデート以降、ヤフーがさらに優位となり、今後も増えていくと予想
602,プケ,4689,LINEヤフー,LINEヤフー 社名変更が起点になる場合が多いから。
603,シェイン,4689,LINEヤフー,LINEヤフー　幅広くネットサービスを提供しており、成長が見込まれる
604,Takamiy,4689,LINEヤフー,zホールディングス　株価下がりすぎ
605,ぱじぃた,4690,日本パレットプール,日本パレットプール
606,如水,4690,日本パレットプール,日本パレットプール
607,のりぃ,4690,日本パレットプール,日本パレットプール　物流2024年問題をうけてパレット需要が高まりそうだから。
608,あーうぃん,4690,日本パレットプール,日本パレットプール　物流24年問題解決への寄与
609,アリエス,4690,日本パレットプール,日本パレットプール　時流に乗っており非常に割安で時価総額小さいから。
610,roku,4691,ワシントンホテル,ワシントンホテル
611,もりお,4691,ワシントンホテル,ワシントンホテル　アフターコロナ出遅れ　インバウンド　割安
612,ボントレ,4745,東京個別指導学院,東京個別指導　TOB期待
613,Takamiy,4751,サイバーエージェント,サイバーエージェント　Abema TVが面白い
614,VASHI,4751,サイバーエージェント,サイバーエージェント　広告市場好転
615,豚さがり,4755,楽天グループ,楽天　　　最悪脱出、奇跡の追い風黒字転換
616,Kent,4755,楽天グループ,楽天 プラチナバンド割り当て受け、24年にも利用開始で通信品質向上。契約数が順調増。800万回線で黒字化。
617,きよし,4755,楽天グループ,楽天 凄腕のパクリです。
618,イタル,4755,楽天グループ,楽天　売られ過ぎ
619,べいべー,4755,楽天グループ,楽天G 携帯上手くいけば5倍　売却で2倍
620,ひらはら,4755,楽天グループ,楽天グループ モバイル500万から600万回線まで速かった。黒字観測で
621,するが,4755,楽天グループ,楽天グループ 皆ディスり放題だから
622,むね坊主,4755,楽天グループ,楽天グループ　携帯事業が軌道に乗るかやめるかすれば
623,めがね,4755,楽天グループ,楽天グループ　携帯事業の改善
624,サントーシー,4755,楽天グループ,楽天グループ　流石にそろそろ
625,ほくと,4755,楽天グループ,楽天グループ 携帯事業が黒字化でも撤退でも見直し買い期待
626,maro,4755,楽天グループ,楽天
627,Takamiy,4755,楽天グループ,楽天g プラチナバンド、600万回線突破
628,えむじぇい,4765,SBIグローバルアセットマネジメント,SBIグローバルアセットマネジメント 新ニーサ恩恵、積み立て解約率低そう、朝倉社長がX頑張っている...
629,もす,4770,図研エルミック,図研エルミック　自動運転グラフィック部門。まだこの分野は未知ですが、2024年末には自動運転の技術も現実的に採用が多くなり、関連株は軒並み上がると思う。
630,バンコク太郎,4776,サイボウズ,CYBOZU 底値圏
631,gonta@株,4776,サイボウズ,サイボウズ  kintoneの売り上げ大
632,だーしか,4776,サイボウズ,サイボウズ DX
633,いっちゃん,4776,サイボウズ,サイボウズ キントーンが官民で広がる、井村さん系柄でファンド経由でエンゲージメント活動）
634,牛肉太郎,4776,サイボウズ,サイボウズ　データ及びデータ利用の仕組みがクラウド上で蓄積していくことによる寡占化
635,piyopiyodawan,4776,サイボウズ,サイボウズ 行政DX
636,Yoshua,4776,サイボウズ,"サイボウズ, いけキントーン。"
637,たう,4783,NCD,NCD チャート
638,与野,4783,NCD,NCD(日本コンピュータ・ダイナミクス）　システムビジネス・駐輪ビジネスともに利益率が向上し継続性がありそうです
639,yossy,4783,NCD,日本コンピュータダイナミクス 業績がよく、まだ割安圏
640,とっしー,4783,NCD,NCD パーキングシステム確変、下期偏重で未修正でのPER12.8。EPS1.5倍×PER1.5倍評価が狙える。
641,モモクリン（momokurin）,4783,NCD,NCD、好業績なのは知っていたがとっしーさんの分析を読んで、決算動画見たり自分なりに調べてみて
642,梅太郎,4811,ドリーム・アーツ,ドリーム・アーツ 大企業向けSaaSが安定成長すると予想。
643,しろまる,4813,ACCESS,ＡＣＣＥＳＳ
644,しのぴー＠横綱　若三杉,4828,ビジネスエンジニアリング,ビジネスエンジニアリングERP導入・運用・保守関連の事業を担うSIer、ITコンサル。SAP ERPのサポート期限切れが2027年に迫っている中、SAP ERPからSAP S/4 HANAへの更新・移行支援が引き続き好調そうであるほか、自社製ERPであるmcFrameの導入拡大が進んでいる点も好材料。元々、株主優待としてQUOカード500円分が四半期ごとに年4回貰える企業であった上に、中期経営計画の引き上げ、累進配当導入なども明るい話題。
645,VASHI,4833,Success_Holders,サクセス　黒字化
646,さふらん,4838,スペースシャワーネットワーク,スペースシャワーネットワーク イベント客足戻り大幅増益。SKIYAKI子会社化。
647,ほくと,4880,セルソース,セルロース 研究結果の材料期待
648,ヒロ,4882,ペルセウスプロテオミクス,ペルセウスプロテオミクス 製薬への大きな変化でPL激変。製薬に至るまでの過程で相場が盛り上がりそう
649,ほーちゃんのパパ,4882,ペルセウスプロテオミクス,ペルセウスプロテオミクス　創薬が大当たり
650,日本酒軽,4882,ペルセウスプロテオミクス,ペルセウスプロテオミクス 値動きからです
651,ぐらぐら,4883,モダリス,モダリス　Cas9新薬期待で上昇
652,ぬくごろ,4891,ティムス,ティムス　バイオジェンのphase 2b pendingから一年　アクションがあるはず　現時点で時価総額60億　アクション次第で2倍はいけるか
653,蕎麦好き,4911,資生堂,資生堂　悪材料出尽くしで反発期待。
654,さーさ,4911,資生堂,資生堂 著名な化粧品メーカーなのに株価が低すぎる。脱中国で期待感up
655,ayame,4911,資生堂,資生堂
656,まもる,4920,日本色材工業研究所,日本色材　新向上の稼働率が上がってくると利益改善しそう
657,ゆうと,4930,グラフィコ,グラフィコ 同社に関しては、ほぼ完ぺきに他の方のパクリです。良いかなと思いましたので、挙げておきました。
658,さーさ,4930,グラフィコ,グラフィコ 漂白剤事業に対する株価が低すぎると思う
659,kazu4565,4930,グラフィコ,グラフィコ　オキシクリーンの評価が低すぎるPER
660,秋吉義明,4932,アルマード,アルマード 新製品販売、海外展開などによる売上増や思惑
661,sei,4933,I-ne,Ｉ－ｎｅ  業績、商品競争力抜群。PER10は資生堂に引きずられている
662,しょうり,4934,プレミアアンチエイジング,プレミアムアンチエイジング　復活しないかな？
663,ミッチャン,4936,アクシージア,アクシージア] さすがに最近下げ過ぎです。自己株買いが始まったし、売り上げ・利益とも伸びてるし、増配含めてなんとか株価の対策がされるのではと願いを込めて！
664,大陸浪人,4936,アクシージア,アクシージア
665,ヒロ,4972,綜研化学,綜研化学　中国での旺盛なディスプレイ需要、競合少ない
666,松井優作,4972,綜研化学,そっけん化学  15年ぶりの過去最高益で来期からも成長が見込める可能性あり
667,あそびにん,4979,OATアグリオ,OATアグリオ
668,こた,4980,デクセリアルズ,デクセリアルズ
669,キリン＠神戸投資勉強会,4992,北興化学工業,北興化学　野村マイクロの株を売ったりなんなりでそんなこんな
670,なべさん＠高配当バリュー投資家,4992,北興化学工業,北興化学野村MSの持分売却＆株主還元＆本業の上方修正あればもしかして
671,さふらん,5027,AnyMind_Group,Any Mind Group 営業増益幅拡大。韓国に進出。
672,矢部,5027,AnyMind_Group,AnyMind
673,Yoshua,5027,AnyMind_Group,"AnyMind Gr., インフルエンサー頑張れ。"
674,矢部,5028,セカンドサイトアナリティカ,セカンドサイトアナリティカ
675,えびす,5028,セカンドサイトアナリティカ,セカンドサイトアナティリカ　AI関連成長株、来期の業績⤴️
676,らう,5032,ANYCOLOR,ANYCOLOR 【オンリーワンビジネスモデル】Vtuberという唯一無二のビジネスを作り出し世界に挑む。カバー同様、上場時から注目しているが、ようやく割高感がなく買える水準になってきた。ど真ん中すぎて逆に話題にならない感じ（被ったらごめんなさいｗ）今、株価的な視聴率は低いのではないか。
677,べいべー,5032,ANYCOLOR,anycolor 30%成長継続 演者増加x一人当たり収益増
678,アディ,5032,ANYCOLOR,ANYCOLOR　Vチューバーマーケットはまだまだ拡大して行けるタイミングなので好業績×高PERになることで二倍達成できる
679,TMO,5032,ANYCOLOR,ANYCOLOR　業績拡大とグロース銘柄に資金が入ることを期待。
680,ハネハネ,5032,ANYCOLOR,ANYCOLOR　現金が結構溜まっている投資または還元期待
681,ゆきお,5032,ANYCOLOR,ANYCOLOR 今のPERは安いと思うので
682,ダイナー,5032,ANYCOLOR,ＡＮＹＣＯＬＯＲ 米利下げによるグロースの躍進（2023年は需給が整理）
683,梅太郎,5033,ヌーラボ,ヌーラボ プロジェクト管理ツールのSaaSで解約率低い。
684,sasuke,5033,ヌーラボ,ヌーラボ
685,yossy,5034,unerry,unerry
686,おむすび🍙,5034,unerry,unerry。去年株価軟調も、着実に自力を積み上げており、来期予想発表後に株価が高騰すると見込む。
687,Tommy,5038,eWeLL,ｅＷｅＬＬ 訪問介護はますます増えていくと考えてます
688,roku,5039,キットアライブ,キットアライブ
689,イタル,5039,キットアライブ,キットアライブ　毎年20%増益に対しPER11倍の割安さと東証鞍替えカタリスト
690,あんこ,5070,ドラフト,ドラフト　業績良さそう、月足チャートも右肩上がり
691,うさみん,5071,ヴィス,ヴィス
692,翁,5071,ヴィス,ヴィス
693,如水,5071,ヴィス,ヴィス
694,まるのん,5071,ヴィス,ヴィス 5071 ・選別受注が進み単価増加も顕著となっており、前期大型案件もあり伸長率が弱くみえているが堅調な業績推移からの上方修正期待。・企業業績が好調な中で人材手当への見直しが進む中で同社サービスも堅調な推移が見込まれ、25/3期も成長持続。・但し成長率は概ね10％程度を志向しており急激な成長は期待できない点には留意が必要。・配当性向を30％に向上させていることから、一定の還元姿勢も評価できる。・25/3期EPS125円でPER15倍くらいまでいけるか。その場合株価は2倍には届かないが、年末時点に向けては26/3期へ関心シフトがくる中で、いってくれるかなと期待。
695,ぬくごろ,5071,ヴィス,ヴィス　人手不足はあるものの、基本的には感性が評価される仕事　都内の空室オフィス率低下がカタリスト
696,　ちちやす,5105,TOYO_TIRE,TOYO TIRE 北米伸び
697,たむっちょ,5126,ポーターズ,ポーターズ
698,sakumaT,5126,ポーターズ,ポーターズ　人手不足関連
699,のりぞー,5127,グッピーズ,グッピーズ
700,フィナンシェ,5127,グッピーズ,グッピーズ 歯医者はみんな行く、競合少なそう、売上20％増・純利益40％増の成長はまだ株価に折り込まれてないように思う。
701,sasuke,5127,グッピーズ,グッピーズ
702,睡眠,5127,グッピーズ,グッピーズ　中期経営計画評価、地方拡大ネック。間近Qは一時費用が乗っており、評価されていないが１Q数字が出てこれば再評価されるかも。
703,オニール好きの投資家,5129,FIXER,Fixerクラウド技術高くOpenAI関連
704,くま,5134,POPER,POPER
705,なつみ,5136,tripla,tripla 2年目の正直。
706,バール,5136,tripla,トリプラ 中計期待で
707,大きなかぶ,5136,tripla,tripla
708,睡眠,5136,tripla,tripla　中期経営計画評価。達成可能性が見えてこればPER拡大。
709,オニール好きの投資家,5136,tripla,Triplaイノベーションによる宿泊事業の革新
710,nt164,5137,スマートドライブ,スマートドライブ　アルコール検知機能機器使用義務化
711,Tommy,5137,スマートドライブ,スマートドライブ 2024年問題対策向けのソリューションで大きく黒展してくれそう
712,うさみん,5138,Rebase,Rebase
713,ぱじぃた,5139,オープンワーク,オープンワーク
714,mio,5139,オープンワーク,オープンワーク　こんなもんじゃないっす！
715,サントーシー,5139,オープンワーク,オープンワーク　株価は底打ち　前期は今期以降の成長に向け、広告宣伝費人件費へ投資してるため
716,GGS,5139,オープンワーク,オープンワーク、転職市場活況、労務単価上昇、グロース
717,こいけ,5189,櫻護謨,桜護謨
718,プケ,5194,相模ゴム工業,相模ゴム工業 MBO期待。
719,むね坊主,5194,相模ゴム工業,相模ゴム工業　TOBかMBOたのむ
720,ひんご,5194,相模ゴム工業,相模ゴム。オアシスなら、オアシスならきっとなんとかしてくれる
721,まろまろ,5202,日本板硝子,日本板硝子　PBR0.5付近。割安さすがに底打ち感
722,ちょる子,5202,日本板硝子,日本板硝子　ロシアウクライナ終戦思惑
723,ひむろ,5204,石塚硝子,石塚硝子  割安だから
724,のりぞー,5210,日本山村硝子,日本山村硝子
725,たっくん,5210,日本山村硝子,"日本山村硝子 ガラス瓶首位だが、業界二位の5204石塚硝子がコロナで撤退後の残存者利益をコロナ明けで総取り状態。海外の日本酒ブームも追い風。PER1.3　PBR0.29と異様に低い。PERが正当に評価されれば、10バガーもありうると予想。因みに石塚硝子がPER4.7倍なので、最低でも３倍化を期待。個人的には一株利益予想1,047円に対して配当金30円が株価低迷の原因であり、これはいずれ是正されると期待する。テクニカル的には11月に33期ぶりの過去最高益予想の発表後に叩き売られた。W底を付けたところで、株価的には好位置にある。"
726,たむっちょ,5216,倉元製作所,倉元製作所
727,先高,5233,太平洋セメント,太平洋セメント 会社予想が保守的。政策保有株式も多い（昨年、ピーエス三菱の一部を売却）。PBR0.6かつ円高メリット。
728,スーパースタン,5243,note,NOTE 黒字になる、事業まだ伸びでる
729,ピリヤ,5243,note,note 説明会で黒字化達成への自信を感じたのと、記事発信のプラットフォームとしてyoutubeのような立ち位置になるかも
730,じょにー,5243,note,note株式会社
731,VASHI,5243,note,note 黒字化
732,おいどん,5244,jig.jp,jig.jp 地元福井県の企業だから。
733,うわん,5253,カバー,カバー
734,べいべー,5253,カバー,カバー 50%成長継続 演者増加x一人当たり収益増x営利向上
735,hana,5253,カバー,カバー　四半期決算で営業利益、経常利益、最終利益が全部2.7倍というサプライズ決算だったから。
736,ゴミの持ち腐れ,5253,カバー,カバー 世間に浸透し始めているから
737,えむ,5253,カバー,カバー 動画配信なのサービスが今後伸びると予想
738,くろ,5253,カバー,カバー、Vtuber業界は今年までなら上がりそう
739,みま,5253,カバー,カバー、Vtuber市場の成長と会社の将来性
740,おざ,5253,カバー,カバー
741,maro,5253,カバー,カバー
742,☆にゃー☆,5253,カバー,カバー、年末にFNS歌謡祭などに出たりVtuberとしての認知度は格段に上がってきている。ホロアースの開発も順調なため、期待が持てる
743,ヨシ,5254,Arent,Arent 【理由】①テーマ性 ②潜在顧客と市場のポテンシャル ③業績拡大への期待
744,よぴ,5254,Arent,Arent 2024年問題を追い風に上昇
745,梅太郎,5254,Arent,Arent SaaSの開発受託という面白いビジネス。ゴールドラッシュのツルハシになるか。
746,hana,5254,Arent,Arent 建設DXが見直され、PERも割安になりつつあり、IPOセカンダリーに資金がもどってくる。
747,とものり,5254,Arent,Arent、2024テーマ株。
748,☆にゃー☆,5254,Arent,Arent、建設のDX化はまったなしで入札のBIM化などを踏まえると期待度が高い、収益面でも順調なため
749,くろ,5256,Fusic,Fusic
750,COWとれーだー,5257,ノバシステム,ノバシステム 時価総額31億円。売上+16％、営業利益+38％の伸び、四季報の来期予想も良い
751,sufo,5258,トランザクション・メディア・ネットワークス,TMN 上場から、かなり売り込まれていますが、好業績。
752,ぴょん,5268,旭コンクリート工業,旭コンクリート　業績回復、政策保有株売却
753,rei,5271,トーヨーアサノ,トーヨーアサノ 四半期決算で乱高下が予想されますが、継続性のある営利率改善ができていると思うので水準訂正を期待。
754,リネラブ,5285,ヤマックス,ヤマックス
755,あんこ,5285,ヤマックス,ヤマックス　九州半導体での建設需要
756,YOKO,5351,品川リフラクトリーズ,品川リフラクトリーズ  好業績
757,グコウさん,5356,美濃窯業,美濃窯業　決算説明資料だすようになったり東証狙ってる？
758,かぺぺ,5368,日本インシュレーション,日本インシュレーション
759,たかたか,5381,Mipox,Ｍｉｐｏｘ
760,むね坊主,5381,Mipox,Ｍｉｐｏｘ　シリコンサイクルたのむ
761,さーさ,5381,Mipox,MIPOX 研磨剤メーカーの成長に期待
762,田上 太郎,5381,Mipox,Mipox 半導体需給
763,COWとれーだー,5406,神戸製鋼所,神戸製鋼 PBR 0.75 利回り4.62% 新NISA需要＆金利あげるタイミングの鉄相場
764,ミッチャン,5408,中山製鋼所,中山製鋼所] PBR 0.45 PBR1倍割れの解消、割安高配当＆850円前後の手頃感による新NISAの買い、配当性向30%で無理してなく、借金少なく利益剰余金もたくさんあるので増配も。
765,がっしー会長,5451,淀川製鋼所,淀川製鋼所 アクティビストによる株主還元の強化期待
766,先高,5451,淀川製鋼所,淀川製鋼所 政策保有株が多数あり、その処分への期待。アクティビストファンドが5%超えて保有。PBR0.6倍。
767,グラッチ,5482,愛知製鋼,愛知製鋼　PBR0.3は、低すぎ。改善策発表予定？
768,COWとれーだー,5530,日本システムバンク,日本システムバンク 時価総額17.3億円、利回り3.51％、コインパーキング事業
769,めそ,5541,大平洋金属,大平洋金属  黒字転換できれば可能性あるかも②
770,おいどん,5574,ABEJA,ABEJA そろそろ上昇してほしい。
771,蕎麦好き,5574,ABEJA,ABEJA　材料でトレンド転換。
772,azuai,5577,アイデミー,アイデミー AI/DX関連
773,オニール好きの投資家,5577,アイデミー,アイデミー今年のテーマは天地人、人的資本経営なんて人を育てるしかないのよ!!
774,ヨシ,5582,グリッド,グリッド 【理由】①テーマ性 ②潜在顧客と市場のポテンシャル ③業績拡大への期待
775,お花畑,5582,グリッド,グリッド　ＡＩ関連サービス株に注目されそうだから
776,ヒロ,5588,ファーストアカウンティング,ファーストアカウンティング　AI×経理の時流に乗ったサービス。他社と比較した割安性とEPS成長
777,ほーちゃんのパパ,5588,ファーストアカウンティング,ファーストアカウンティング
778,えむじぇい,5588,ファーストアカウンティング,ファーストアカウンティング 研究会で知ったのをイナゴ、AIテーマ、これから普及
779,ヒデゾー,5591,AVILEN,AVILEN
780,ミッチャン,5595,QPS研究所,QPS研究所] 技術が凄すぎます。従来の人工衛星より1/20軽量化、コスト1/100！こんなのあり得ない！送信データも1/100。これも衛星通信で快挙と思います。よりよいものを作ろうとする開発陣の夢、愛、情熱、血と汗と涙が混然一体となって訴えかけてきます。社長もIRも敏腕と感じます。省庁や東京海上との協業も力強いです。また、打ち上げ失敗しても保険がきくので安心！資金もカツカツでは決してありません(現金残高27億、上場による資金調達37億、ローン契約50億円)。今は思惑もあり皆さん札束で殴り合っててボラがありますが、今年で4機は打ちあがると思うので押し目を作りつつ上がっていくのでは。数年、十数年かけてテンバガーも夢じゃない！とはいえ1年後のタイミングではたまたま半分になってるかも・・？QPSさん頑張れ～～～！！！
781,じょにー,5595,QPS研究所,QPS研究所
782,Chiharu24,5595,QPS研究所,QPS研究所　　宇宙ビジネス
783,円蔵,5595,QPS研究所,ＱＰＳ研究所　宇宙銘柄として人気を集めそう
784,ひらはら,5595,QPS研究所,ＱＰＳ研究所 自他テーブルで話題
785,YOKO,5595,QPS研究所,QPS研究所
786,Takamiy,5595,QPS研究所,Qps研究所　辰年で龍は天に昇る象徴、宇宙銘柄が熱くなるのでは。
787,rokuroku,5596,アウトルックコンサルティング,アウトルックコンサルティング　営業利益率30%超でオービック並みの60%も視野に入れているとのこと。有利子負債もゼロです。
788,めがね,5612,日本鋳鉄管,日本鋳鉄管　上水道工事の推進
789,深田恭子,5632,三菱製鋼,三菱製鋼
790,深田恭子,5660,神鋼鋼線工業,神鋼銅線工業
791,めそ,5707,東邦亜鉛,東邦亜鉛  黒字転換できれば可能性あるかも③
792,ボントレ,5713,住友金属鉱山,住友金属鉱山　ゴールド関連
793,さくさく,5741,UACJ,UACJ： アルミ需要逼迫、マージン拡大
794,ぺるる,5759,日本電解,日本電解　25年からのEV車製造台数加速に合わせた米国新工場稼働
795,log,5801,古河電気工業,古川電工　①指標が低い。②電線逼迫で価格改定期待。３割がせいぜいかも？
796,蕎麦好き,5803,フジクラ,フジクラ　電線不足と、高配当。
797,log,5805,SWCC,SWCC　①電線逼迫ド真ん中。②価格改定期待。３割がせいぜいかも？
798,kenmo,5805,SWCC,ＳＷＣＣ パクリ銘柄その①。ビビッと来たため。頑張ってほしい。
799,お多福。。,5805,SWCC,SWCC　電力インフラ
800,ラッキー,5805,SWCC,SWCC 電力用建設用のケーブルが不足して高額になるため
801,ラッキー,5809,タツタ電線,タツタ電線 電力用建設用のケーブルが不足して高額になるため
802,Meril,5816,オーナンバ,オーナンバ
803,log,5821,平河ヒューテック,平河ヒューテック　①電線とIOWNの両方の銘柄。②指標は高くない。
804,しのぴー＠横綱　若三杉,5834,SBIリーシングサービス,SBIリーシング
805,お蝶,5834,SBIリーシングサービス,SBIリーシング IPO後のチャートの位置と好業績
806,pekepeke,5834,SBIリーシングサービス,SBIリーシング PER7.2倍と割安。業績好調のため見直し買いが入るかも。
807,rokuroku,5834,SBIリーシングサービス,SBIリーシング　航空機、船舶のオペレーティングリースが主力。1機あたりの金額が約54億以上の場合は購入、販売の開示をしないといけない（今期連結純資産約178億の30％以上）のである程度売上の予想が出来ます。通期予想398億のところ去年10月に60億売却の開示があり既に326億が確定。11月に60億を3期購入の開示、去年1月に今年2月に1機50億の購入予定の開示があり、他がよほどダメでない限り今期上振れしそうです。また来期以降既に300億以上購入予定の開示があります。
808,プケ,5834,SBIリーシングサービス,SBIリーシングサービス 増配もあり、受注も豊富。
809,DAIBOUCHOU,5834,SBIリーシングサービス,	SBIリーシングサービス	割安。安定成長に好転。
810,rei,5842,インテグラル,インテグラル 5号ファンドの規模が最終どうなるかですがそれなりに期待できるかと。
811,キリン＠神戸投資勉強会,5842,インテグラル,インテグラル　これもやや時価総額大きいけど、５号ファンド次第では十分ありえる。割安IPO
812,写楽保介,5842,インテグラル,インテグラル 直近IPO。割安。
813,saku,5842,インテグラル,インテグラル。今期スカイマーク株売却で大幅増益。近々5号ファンド組成。
814,フカカチ,5843,ニッポンインシュア,ニッポンインシュア　慎重予想からの上方修正で1発狙い。またIR問い合わせしたら、次の日にIR担当からすぐ電話がかかってくるなど対応も良いのが◯
815,くろ,5843,ニッポンインシュア,ニッポンインシュア
816,mayumayu,5845,全保連,全保連　12/20　好決算増配
817,ブラウン,5845,全保連,全保連　2023年IPO＋家賃保証の安定成長期待
818,けーさん@,5845,全保連,全保連　新規上場からあまり経過していない銘柄。上場による認知度向上で上場メリットがありそう。
819,りょう,5845,全保連,全保連
820,先高,5845,全保連,全保連 IPO。賃貸保証業はまだ伸びそう＆沖縄の不動産業界は元気そう。2025年に沖縄にできる「JUNGLIA」（全保連が出資するジャパンエンターテイメントが開業）への思惑。
821,ブラウン,5868,ロココ,ロココ　2023年IPO＋地味ながら堅実経営で底値堅そう
822,ひろたん,5868,ロココ,ロココ　R5.12.20上場 システム開発、顔認証等のセキュリティ等　時価総額40億　1/5終値1157円で、年末時点で株価2倍以上になると考えます。
823,えむ,5869,早稲田学習研究会,早稲田学習研究会 高配当IPO
824,ひむろ,5869,早稲田学習研究会,早稲田学習研究会　配当性向が高い
825,オニール好きの投資家,5888,DAIWA_CYCLE,ダイワサイクル今年のテーマは天地人、ダイワチャリンコ地を駆けろ!!
826,あきら,5888,DAIWA_CYCLE,ＤＡＩＥＡ　ＣＹＣＬＥ　　奈良市にも出店。我が家も３台電動自転車保有で出張修理サービスが便利｡　指値しているが未保有。
827,Meril,5888,DAIWA_CYCLE,DAIWA
828,むね坊主,5888,DAIWA_CYCLE,ＤＡＩＷＡ　ＣＹＣＬＥ　やまみパターンでたのむ
829,えむ,5888,DAIWA_CYCLE,DAIWA CYCLE 割安成長IPO
830,kazu4565,5888,DAIWA_CYCLE,DAIWA CYCLE　首都圏への進出による利益の拡大
831,サントーシー,5888,DAIWA_CYCLE,ＤＡＩＷＡ　ＣＹＣＬＥ　第三四半期の営業利益の進捗率は97％　出店の加速をさせていて今後の業績の期待　個人的に同業のあ〇〇の接客はクソだと思っているので期待したい。
832,円蔵,5888,DAIWA_CYCLE,ＤＡＩＷＡ　ＣＹＣＬＥ　電動アシスト車が売上の50％超、出張修理サービスが人気を集めそう
833,ボンボン,5888,DAIWA_CYCLE,DAIWA CYCLE 来期業績期待
834,フィナンシェ,5888,DAIWA_CYCLE,ＤＡＩＷＡＣＹＣＬＥ 10倍株でよくある店舗増に伴って収益拡大するビジネスモデル、その初動であれば。
835,hiro,5888,DAIWA_CYCLE,DAIWACYCLE 新規出店計画IPO 57億
836,一ノ瀬,5888,DAIWA_CYCLE,ダイワサイクル　23/12の3Qの進捗率97%超、まだ通期据置き。四季報の来期予想が24年度比で売上+28%•営利+54%•EPS+49%と強気。4Q発表の際、会社からの来期目標が四季報予想と近いものなら、株価上昇が期待出来ると思うため。
837,キリン＠神戸投資勉強会,5888,DAIWA_CYCLE,ダイワサイクル　低時価総額＋高成長率。関西中心⇒首都圏に店舗拡大でシンプルな事業だが、規模拡大で伸びるわかりやすいパターンか
838,gonta@株,5888,DAIWA_CYCLE,ダイワサイクル　電動自転車のバッテリ交換需要
839,rokuroku,5888,DAIWA_CYCLE,ダイワサイクル　来期四季報予想EPS275.7円。これだけ伸びるのは主に店舗を増やすためです。来期20店、再来期25店オープン予定です。同業のあさひは年15店ペース。ダイワの方はまだ約120店舗ですので伸び率が違います。出張修理サービスもしています。
840,ギデ,5889,Japan_Eyewear_Holdings,Japan Eyewear Holdings
841,ににもも,5889,Japan_Eyewear_Holdings,Ｊａｐａｎ　Ｅｙｅｗｅａｒ　Ｈｏｌｄｉｎｇｓ　金子眼鏡の店舗拡大に期待。
842,ほしいも,5889,Japan_Eyewear_Holdings,JapanEyewearHoldings IPO済みで値ごろ感あり優待設置で跳ねるかも
843,大陸浪人,5889,Japan_Eyewear_Holdings,ＪＥＨ
844,日本酒軽,5889,Japan_Eyewear_Holdings,JEH
845,hana,5889,Japan_Eyewear_Holdings,JEH　営業利益＋59% 経常利益2.4倍　EPS3.1倍と急成長しているから。
846,おいどん,5889,Japan_Eyewear_Holdings,JEH 地元福井県のメガネの会社です。ジンズHDを超えて欲しい。
847,sasuke,5889,Japan_Eyewear_Holdings,ＪＥＨ
848,☆にゃー☆,5889,Japan_Eyewear_Holdings,JEH、高品質のアイウェアを一気通貫で製造販売、業績順調
849,キューピー,5889,Japan_Eyewear_Holdings,JEH. 金子メガネと999.9を展開。営業利益率の高さと、海外出店を加速。新工場建設で生産増加させるということは、自信があるとみました。
850,ひんご,5889,Japan_Eyewear_Holdings,JEH。被災による影響は未知数だが海外展開も含めて拡大余地は大きい
851,Kent,5889,Japan_Eyewear_Holdings,JET 値上げ効果で単価伸びる。訪日客需要が上乗せ。営業増益。25年1月期は店舗純増続く。既存店も客数増、単価上昇。配当性向4割メド。
852,Chiharu24,5891,魁力屋,魁力屋　　　高成長
853,梅太郎,5891,魁力屋,魁力屋 長期で700店舗まで出店予定。
854,リネラブ,5891,魁力屋,魁力屋 店舗数の拡大、海外出店による業績拡大
855,日本酒軽,5892,yutori,yutori
856,rokuroku,5892,yutori,yutori　SNSマーケティングを使ってニッチな領域をM＆Aも駆使して売上を伸ばしています。
857,COWとれーだー,5892,yutori,yutori 社長がフォーブスで2020年に３０歳以下の経営者に選ばれている。ブレーンも良く、業績の伸びがよい。インスタやTIKTOKのフォロワーも其々約160万と多い。NICOモデルを採用し、収益化するブランドのみを残す。今後M＆Aや韓国ブランドも立ち上げをしていく。
858,あべんどT,5900,ダイケン,ダイケン宅配ボックス
859,すっぴー,5949,ユニプレス,ユニプレス　配当利回り3％以上、黒転予想
860,じょにー,5997,協立エアテック,協立エアテック株式会社
861,シロモ,6018,阪神内燃機工業,阪神内燃機
862,やっしー,6018,阪神内燃機工業,阪神内燃機工業
863,grass hopper,6023,ダイハツディーゼル,ダイハツディーゼル　船舶用エンジンなので造船バブルくっぞ！！
864,Bolsa,6023,ダイハツディーゼル,ダイハツデーゼル
865,ぼんやり田中さん,6025,日本PCサービス,日本PC　CMなどで業績回復、仕手化
866,キリン＠神戸投資勉強会,6025,日本PCサービス,日本PCサービス25/8期の中計数値が本当なら安い。その数値見通しが24/10本決算開示で出る→その数字が24/12発売の四季報に掲載→上がる→25年に入ってから下方修正で逃げ切り
867,しかれども,6025,日本PCサービス,日本PCサービス　説明会の内容＝中計が実現したら面白い。時価総額が小さい。
868,どみの,6025,日本PCサービス,日本PCサービス 中計期待
869,タイ,6026,GMOTECH,ＧＭＯ　ＴＥＣＨ
870,断捨離(DSR),6026,GMOTECH,GMO TECH バリュー安く成長性も高いのに高配当(他の方のプレゼンで良さそうだったので)
871,よっしー,6026,GMOTECH,ＧＭＯＴＥＣＨ 堅調な業績の伸び＆増配
872,如水,6026,GMOTECH,GMOテック
873,田上 太郎,6027,弁護士ドットコム,弁護士ドットコム クラウドサインの契約が好調のため
874,hana,6027,弁護士ドットコム,弁護士ドットコム　電子契約サービスがスタンダードになる
875,めがね,6035,アイ・アールジャパンホールディングス,アイ・アールジャパンHLD　信頼の回復
876,まぴ,6037,ファーストロジック,ファーストロジック インフレやNISAで投資機運高まり、不動産投資に参入する個人も徐々にリテラシーを上げ、勧誘されて騙されるままに購入する人だけではなく自分で楽待を調べる人も増えていきそう。チャートも悪くない。
877,ベリーピザ,6039,日本動物高度医療センター,日本動物高度医療センター　FY23開院の大阪病院の初期赤反動と業績通期寄与。新病院土地取得期待。
878,如水,6044,三機サービス,三機サービス
879,ゆっき,6044,三機サービス,三機サービス 営業利益率進捗率好調（前期1Qは営業利益が-1.4億だったが、今期は+1億）能登半島地震関連　建物の設備の修理や保全メンテナンス
880,イタル,6044,三機サービス,三機サービス　強気中計を上回る業績で見直し期待
881,Kent,6044,三機サービス,三機サービス 好採算の空調設備改良工事が伸長。技術者の多能工化で稼働率向上。人件費増こなし大幅増益。
882,ベリーピザ,6044,三機サービス,三機サービス直前四半期業績好調。
883,中田B,6047,Gunosy,Gunosy インド銘柄
884,ダンベルドア,6049,イトクロ,イトクロ
885,たう,6054,リブセンス,リブセンス 転職関係
886,矢部,6058,ベクトル,ベクトル
887,スーパースタン,6061,ユニバーサル園芸社,ユニバーサル園芸社　いい会社、普通に毎年おすすめ。
888,たぐけん,6061,ユニバーサル園芸社,ユニバーサル園芸社　業績達成と還元強化があれば30％配当性向は可能な財務。直近1Qは利益減少で売り込まれ中、不人気業界の残存者メリットを享受できるはず。
889,sufo,6062,チャーム・ケア・コーポレーション,チャームケア いい会社で業績も良いが人気もない。
890,Jun,6062,チャーム・ケア・コーポレーション,チャームケアコーポレーション上と同じ。こちらは業績も右肩上がりなので期待大
891,秋吉義明,6069,トレンダーズ,トレンダーズ 売上算出方法変更2年目による四季報の見かけ上の減益がなくなり、右肩上がりの売上増になることによる水準訂正
892,バール,6069,トレンダーズ,トレンダーズ 来期予想で
893,なつみ,6071,IBJ,IBJ 婚活のスタンダードへ。
894,睡眠,6071,IBJ,IBJ 　独占禁止法違反疑惑（優位的地位の乱用）解決、業績と評価回復、最高益、経営陣優秀、ライフデザイン事業収益拡大。
895,一人旅,6072,地盤ネットホールディングス,地盤ネットワーク　地震が多そう　インフラ関連銘柄も
896,バール,6081,アライドアーキテクツ,アライドーアキテクツ 海外復活で
897,end＠電力大好き,6094,フリークアウト・ホールディングス,フリークアウトUUUM買収。広告業ならではの収益化が上手くいけば面白い。2024年にアメリカの広告市況が改善との記事あり。
898,あちし,6096,レアジョブ,レアジョブ
899,中田B,6131,浜井産業,浜井産業 半導体恩恵で低時価総額
900,エル川,6137,小池酸素工業,小池酸素工業 厚板切断機などを手掛けるメーカー。キャッシュリッチで割安。好業績、PBR0.5倍程度なので還元強化期待。2022年投入のオンリーワン技術を持つ新製品DBCファイバーレーザー切断機が好調で利益率上昇。受注残も増える。その新製品は23年9月アメリカの展示会出展で一定の評価を得て今後海外への本格進出が期待される。造船所向けのプラズマ切断機はシェアが高く競合も少ない。ここ10年で縮小した中国韓国造船所の今後の需要拡大局面で商機ありとみている。
901,スーパーこさく,6149,小田原エンジニアリング,小田原エンジニアリング モーター用巻線機で世界首位。原価高騰時の対策で四半期利益率上昇中。決算短信数値打ち込むと前四半期に高額受注だが、棚卸推移見る限り仕掛↑・製品↓で「売るもんねえよ」状態。棚卸が溜まれば売上爆発を予想👺
902,とものり,6149,小田原エンジニアリング,、小田原エンジニアリング、EV需要
903,かぺぺ,6161,エスティック,エスティック 自動車業界以外を開拓してるらしくうまくいくとビックチェンジになる
904,松井優作,6161,エスティック,エスティック 粗利改善中、利益率がしっかり評価されたらPERの水準訂正もあるか？ 配当は弱いのでそこが改善できたらより近づく
905,end＠電力大好き,6176,ブランジスタ,ブランジスタ昨年始めたタレントサブクス「アクセルジャパン」が好調。今年から昨年のストック収益がなってくるタイミング。解約率次第。
906,翁,6184,鎌倉新書,鎌倉新書
907,たっくん,6194,アトラエ,アトラエ 業績が良い。
908,豚さがり,6196,ストライク,ストライク　TOB増加による恩恵
909,梅太郎,6196,ストライク,ストライク 業績急成長の割にPER低い。
910,たかね,6209,リケンNPR,リケンNPR　PBR1に向けて還元強化ありそう？
911,アンテ＠株式投資,6209,リケンNPR,リケンNPR とにかく安い。
912,お多福。。,6209,リケンNPR,リケンNPR　寡占事業と株主還元
913,イタル,6209,リケンNPR,リケンNPR　会社公表のPBR1倍が達成すれば株価２倍
914,にったあきら,6209,リケンNPR,リケンｎｐｒ
915,たむっちょ,6223,西部技研,西部技研
916,うわん,6223,西部技研,西部技研
917,きよし,6223,西部技研,西部技研
918,さーさ,6223,西部技研,西部技研 除湿器等の事業が成功しそう
919,リネラブ,6223,西部技研,西部技研 大型案件の追加受注
920,まもる,6223,西部技研,西部技研　半導体とEVというテーマ性あり。受注は増加しており新工場も建設中。
921,sufo,6223,西部技研,西部技研 利益率は、ぱっとしないが電池関連、工場建設に伴い、この会社の商品の引き合いは想定以上に、あるのではないでしょうか。
922,先高,6223,西部技研, 現状の株価はかなり下げているが、大型受注などが業績に反映されて2倍に。
923,pekepeke,6224,JRC,JRC コンベヤ事業は順調。ロボット事業の利益貢献が拡大すれば化けるかも
924,ロニー,6224,JRC,ＪＲＣ ロボットSI事業の将来性が評価される。
925,たかね,6224,JRC,JRC　小型IPO。ロボットSIが黒字化見込み
926,本屋,6224,JRC,JRC  既存事業が高シェア安定利益、ソリューション事業による単価上昇(毎年買い替え需要あり)で、成長が続く。ロボット事業は当たればでかい宝くじ
927,ポンポコたぬき,6226,守谷輸送機工業,守谷輸送機工業 工場増設とストック事業の成長
928,saku,6226,守谷輸送機工業,守谷輸送機工業。高価格帯の受注が好調。ニッチトップでまだまだ割安
929,にったあきら,6228,ジェイ・イー・ティ,jet
930,ちょる子,6228,ジェイ・イー・ティ,JET 6228
931,grass hopper,6229,オーケーエム,OKM 船舶用バルブが売上比率比率51%なので造船バブルくっぞ！！
932,くりごはん,6229,オーケーエム,オーケーエム
933,ののじ,6229,オーケーエム,オーケーエム　アンモニアに期待
934,タダモノ,6229,オーケーエム,オーケーエム　造船　還元強化
935,sakumaT,6226,守谷輸送機工業,守谷輸送機工業　有利子負債少ない、堅調な伸び、少々の円高
936,saku,6229,オーケーエム,オーケーエム。造船関連出遅れ。バリューだしワンチャンあるか。
937,断捨離(DSR),6230,SANEI,SANEI 高付加価値商品で利益率上昇。原価の銅価格の低下+円高に戻せば増益、上方も狙えるかも
938,かぺぺ,6231,木村工機,木村工機 そもそもこの営業利益率でPER６倍台は安すぎ
939,まもる,6231,木村工機,木村工機　業務用空調機器の開発から製造販売。工場の国内回帰から需要は高い。受注額が高止まりしており、今後の受注動向がカギ。
940,さふらん,6232,ACSL,ACSL ドローンレベル4飛行での配送実現。黒字転換予想。
941,まろまろ,6232,ACSL,ACSL　ドローン事業に期待
942,くま,6235,オプトラン,オプトラン
943,シェイン,6235,オプトラン,オプトラン　光学薄膜製造装置の会社。利益率に比して割安水準にあり、水準訂正が期待できる。
944,タダモノ,6238,フリュー,フリュー　EC拡大
945,sasuke,6238,フリュー,"フリュー【理由】円高銘柄を探していたところ、この銘柄にたどり着きました。直近の業績修正で為替予想を135円から150円に修正したにもかかわらず上方修正となっていた。為替感応度1円/7,000万円で営業利益に影響する。"
946,かぶとみ,6240,ヤマシンフィルタ,ヤマシンフィルタ 財務は鉄壁で直近自社株買いをしており、目先では能登半島地震におけるインフラ整備の需要に対して特需の期待もあるが仮になくても株価は直近下値付近にきているためリスクも限定的で2倍も目指せるのでは。
947,kazu4565,6240,ヤマシンフィルタ,ヤマシンフィルタ　自社株買いによる
948,さーさ,6240,ヤマシンフィルタ,ヤマシンフィルター 機械や装置に含まれているフィルター事業に対する株価が低すぎると思う
949,フックン,6245,ヒラノテクシード,ヒラノテクシード ウエットコーティング装置首位。資材、人件費高騰でここ2-3年は思った利益を出せていない。（受注から2-3年で出荷の製品が多い）そろそろ利益の出せるフェーズを期待したい。
950,piyopiyodawan,6248,横田製作所,横田製作所 完全受注生産で受注残大幅増。
951,たかたか,6249,ゲームカード・ジョイコホールディングス,ゲームカード・ジョイコホールディングス MSワラントとガイア破綻で株価低迷したが業績は好調のため。
952,roku,6249,ゲームカード・ジョイコホールディングス,ゲームカードジョイコ
953,しかれども,6262,PEGASUS,PEGASUS　自動車向けは堅調。ミシンの市況回復期待。低PBR銘柄。
954,よっしー,6269,三井海洋開発,三井海洋開発　豊富な受注残の収益化
955,DAIBOUCHOU,6269,三井海洋開発,	三井海洋開発	原油ガスの海洋開発が活況。
956,ぱふぇっと,6276,シリウスビジョン,シリウスビジョン　黒字化
957,neko4979,6284,日精エー・エス・ビー機械,オカダアイヨン
958,こいけ,6293,日精樹脂工業,日精樹脂工業
959,ぐらぐら,6294,オカダアイヨン,オカダアイヨン　行政主導の花t粉症対策で林業機器が売れる、がれき撤去等の需要高まり
960,えむ,6305,日立建機,日立建機 世界にシェアを伸ばすと予想
961,シロモ,6306,日工,日工
962,にったあきら,6310,井関農機,井関農機
963,ののこ🍣,6312,フロイント産業,フロイント産業 医薬品不足、全固体電池関連。
964,ボンボン,6312,フロイント産業,フロイント産業 薬不足からの受注増期待
965,ヒデゾー,6315,TOWA,TOWA
966,ブラウン,6315,TOWA,TOWA　2024年も半導体が強そう
967,りんたん,6315,TOWA,TOWA すでにだいぶ来ているがチップレットやはり強いので。
968,maro,6315,TOWA,towa
969,ちょる子,6315,TOWA,TOWA　6315 半導体
970,ダイナー,6317,北川鉄工所,北川鉄工所 低PBR＋業績回復期待、買収効果
971,Takamiy,6326,クボタ,クボタ　世界的な食料問題、農業への必要性が見直される？
972,GGS,6337,テセック,テセック、顧客はテキサスインスツルメンツ（マレーシア）、インフィニオン（東南アジア）、夏に両社合わせてマレーシアに1兆円程度投資の報道、テスターは部品調達難で苦戦
973,お花畑,6339,新東工業,新東工業　低ＰＢＲ
974,ひらはら,6342,太平製作所,太平製作所 自テーブル採用銘柄
975,羽根,6343,フリージア・マクロス,フリージア・マクロス　低位株　M&A期待
976,よしぼん,6356,日本ギア工業,日本ギア工業 原発関連
977,シロモ,6357,三精テクノロジーズ,三精テクノロジーズ
978,よしぼん,6357,三精テクノロジーズ,三精テクノロジーズ 大阪万博関連
979,おざ,6357,三精テクノロジーズ,三精テクノロジーズ
980,log,6387,サムコ,サムコ　①IWON初期の恩恵銘柄。②超長期の指標上こなれてきている。
981,ぱじぃた,6390,加藤製作所,加藤製作所
982,なつみ,6390,加藤製作所,加藤製作所　業績底打ち期待
983,愛媛のユウ,6390,加藤製作所,加藤製作所 能登半島地震の復興を受けて…
984,スーパーこさく,6405,鈴茂器工,鈴茂器工 寿司ロボ製造。先行投資で利益成長無しだが、下期は北米販売増で利益が上期比4倍予定。来期は今期1.5倍予定。国内→円安で外国人労働者不足×海外→日本食ブーム＆飲食業の海外進出加速の最強の外部環境。60億かけ新工場段階建設で生産能力5割増👺
985,EK,6420,フクシマガリレイ,フクシマガリレイ
986,のりぞー,6425,ユニバーサルエンターテインメント,ユニバーサルエンターテインメント
987,どみの,6425,ユニバーサルエンターテインメント,ユニバーサルエンタテインメント パチスロ売れ出したら2倍くらいはすぐ戻りそう
988,roku,6430,ダイコク電機,ダイコク電機
989,アディ,6430,ダイコク電機,ダイコク電機　スマスロ・スマパチに置き換わるときのユニット切り替えが一番の利益の稼ぎどころ。24年3月期よりも25年3月期が本命の年になるとみている。新紙幣対応が24年7月にあるのでそこでのポイントもあるし、24年3月のパチンコの規制緩和のラッキートリガー、24年7月にスマパチ導入契機促進のための規制緩和の噂もある。ユニットだけではなく関連機器の売上も出てくるし、大型ホールにシェアが高く、かつ直販なので利益率も高い。
990,なつみ,6430,ダイコク電機,ダイコク電機　トップから半値
991,やっしー,6440,JUKI,ＪＵＫＩ
992,ラッキー,6440,JUKI,JUKI　半導体装置関連の6227ＡＩメカテックの株式を19％保有しているため
993,まえだ（前田嘉一）,6445,ジャノメ,ジャノメ
994,さくさく,6458,新晃工業,: 新晃工業：空調需要旺盛、データセンター向け2025/3月期より寄与。
995,しろまる,6458,新晃工業,新光工業
996,Kent,6458,新晃工業,新晃工業 産業空調が快走し稼働率100%超。値上げ効く。工事子会社も続伸。上海黒字化へ。営業益伸長。増配幅拡大。25年3月期はデータセンター向け本格寄与。
997,ミッチャン,6463,TPR,TPR] PBRがなんと0.39！ PBR1倍割れの解消が期待される。配当性向30%で無理してなく、借金少なく利益剰余金もたくさんあるので増配も。優待のお米券は5年以上100株で持ってると3kgから6kgに増えるのでガチホ勢も増えそう。2018年の高値(2倍以上)目指してがんばれ～！
998,T,6464,ツバキ・ナカシマ,ツバキ・ナカシマ
999,くま,6472,NTN,NTN
1000,だーしか,6482,ユーシン精機,ユーシン精機 受注残多い、
1001,くりごはん,6492,岡野バルブ製造,岡野バルブ
1002,愛媛のユウ,6492,岡野バルブ製造,岡野バルブ 国内BWR原子力発電所の再稼働に備え、保守保全・点検交換の需要の高まりを受けて。
1003,gonta@株,6492,岡野バルブ製造,岡野バルブ　東北電力の原子力再稼働
1004,しかれども,6492,岡野バルブ製造,岡野バルブ製造　原発再稼働による需要増加を期待
1005,ramune,6492,岡野バルブ製造,岡野バルブ製造　造船かつ原発再稼働恩恵。割安。
1006,羽根,6495,宮入バルブ製作所,宮入バルブ　低位株。船舶用バブル、いや船舶用バルブに期待
1007,タイ,6508,明電舎,明電舎
1008,人間,6516,山洋電気,山羊電気 パソコン需要の復活
1009,まろまろ,6521,オキサイド,オキサイド　サプライヤ部品解消されオキサイドの強みであるレーザー光源が通常通り出荷していく。買収したライコル社の量子もつれ光源等の売り上げが加速し、PET需要のシンチレータもレカネマブ承認を受け伸びる。
1010,tony,6521,オキサイド,オキサイド 間違いない技術力あり待つのみと思うのですが…。
1011,猫三昧,6521,オキサイド,オキサイド　半導体製造装置関連、SIC製造、量子通信等一斉に開花すれば...
1012,happy,6525,KOKUSAI_ELECTRIC,コクサイエレクトリック半導体関連
1013,YOKO,6525,KOKUSAI_ELECTRIC,KOKUSAIエレクトロニクス
1014,もす,6525,KOKUSAI_ELECTRIC,コクサイエレクトリック　今季決算は微妙だったが、これからの収益は改善は向かう見通し
1015,Chiharu24,6526,ソシオネクスト,ソシオネクスト　　高成長
1016,キリン＠神戸投資勉強会,6526,ソシオネクスト,ソシオネクスト　２倍株予想は小型中心にしたいけど圧倒的ポテンシャル。分割により新NISA枠マネーも入りやすそう
1017,猫三昧,6526,ソシオネクスト,ソシオネクスト　需給改善、専用設計半導体需要増
1018,みま,6526,ソシオネクスト,ソシオネクスト、業績回復
1019,moo,6526,ソシオネクスト,ソシオネクスト
1020,maro,6526,ソシオネクスト,ソシオネクスト
1021,Tamu,6526,ソシオネクスト,ソシオネクスト  自動運転への期待
1022,ゴミの持ち腐れ,6542,FCホールディングス,FCHD 地震特需思惑。割安
1023,メイプル,6544,ジャパンエレベーターサービスホールディングス,ジャパンエレベータサービス　販管費コントロールとシェア拡大
1024,たぐけん,6547,グリーンズ,グリーンズ　ホテル単価上昇、収益改善しているが評価は低い。稼働率上昇でなく単価UPは直接利益になる。
1025,一人旅,6551,ツナググループ・ホールディングス,つなぐグループホールディングス　飲食の人材派遣
1026,くろ,6557,AIAIグループ,AIAIグループ
1027,kenmo,6558,クックビズ,クックビズ 年初からIRに気合を入れている。処理水問題できゅういちの業績が落ち込んだが、東電からの補填が年内にあるはず。株価位置的にも妙味あるのでは。
1028,ベリーピザ,6558,クックビズ,クックビズ　求人サービスは好調継続するだろう。中国禁輸で水産子会社業績懸念され株価下落しているがECサイト好調で利益続伸期待できる為。
1029,断捨離(DSR),6560,エル・ティー・エス,LTS EPS成長+配当開始+株式分割
1030,あちし,6560,エル・ティー・エス,LTS 来期中計達成or新中計が成長性あるものであれば
1031,いっちゃん,6560,エル・ティー・エス,エル・ティー・エス コンサル、ITなどのDX、25、26年の中期経営計画、配当の可能性
1032,睡眠,6560,エル・ティー・エス,LTS　間近業績下方修正（M＆A費用等）だがそれ含め。4QからHCS寄与、来期フル寄与で人材確保。プライム未達、間近プロフェッショナルサービス業績改善。
1033,ぺるる,6560,エル・ティー・エス,エル・ティー・エス　プライム残留を懸けた好業績達成と株主施策
1034,rokuroku,6562,ジーニー,ジーニー　これは空売りですので二分の一になりそう銘柄です。ルール違反でしたら除外してください。インドの会社をM&Aしたのですが、いきなり赤字になりのれんの減損濃厚です。昔のインパクトHDのようにインド人に騙された可能性大です。
1035,投資家N,6563,みらいワークス,みらいワークス
1036,sufo,6572,RPAホールディングス,RPAホールディングス 上場してから何も良いところがなく、業績の安定が見えれば上昇するのか？
1037,ロニー,6574,コンヴァノ,コンヴァノ 中計が順調に進捗する。
1038,おざ,6574,コンヴァノ,コンヴァノ
1039,VASHI,6574,コンヴァノ,コンヴァノ　新経営体制からの変革
1040,COWとれーだー,6578,エヌリンクス,エヌリンクス 現在赤字であるが、NHK事業から業態を転換中（サイト運営、太陽光、BPO、保険、福祉用具等）。NHKの営業代行での営業力が強み。自己資本比率53.４％。時価総額１８億円。
1041,Yoshua,6580,ライトアップ,"ライトアップ, めざせ前回高値。"
1042,Yokabun,6594,ニデック,ニデック　流石に下げすぎかと。EV関連。
1043,EK,6613,QDレーザ,ＱＤレーザ
1044,くりごはん,6617,東光高岳,東光高岳
1045,くま,6619,ダブル・スコープ,ダブルスコープ　EVが4月以降盛り上がる
1046,海運,6619,ダブル・スコープ,ダブルスコープ
1047,Yokabun,6625,JALCOホールディングス,JALCO
1048,ポンポコたぬき,6625,JALCOホールディングス,JALCO パチンコホールと上場会社の信用差を活かすビジネスモデルが最高。
1049,秋吉義明,6625,JALCOホールディングス,JALCO 増収増益増配とIRによる認知度向上
1050,どみの,6625,JALCOホールディングス,JALCO 大型案件が売上に入るかも。
1051,grass hopper,6637,寺崎電気産業,寺崎電気 電機メーカーだけど造船バブルくっぞ！！
1052,あーうぃん,6637,寺崎電気産業,寺崎電気産業 舶用システム製品に期待
1053,あきら,6658,シライ電子工業,シライ電子　　他のテーブルでの発表銘柄。何か化けそうな予感。
1054,ポンポコたぬき,6658,シライ電子工業,シライ電子工業 創業家若社長が凄い。シクリカル銘柄から成長銘柄へ評価一変。
1055,愛媛のユウ,6666,リバーエレテック,リバーエレテック 業績の反発を受けて。
1056,むね坊主,6666,リバーエレテック,リバーエレテック　水晶相場たのむ
1057,茶々丸,6666,リバーエレテック,リバーエレテック
1058,keiko,6697,テックポイント・インク（外国株）,テックポイントインク半導体在庫調整からの回復新商品の売上寄与
1059,ヨシ,6703,沖電気工業,OKI（沖電気工業） 【理由】①「意外性」枠 ②業績ボロボロからのV字回復期待 ③テーマ性（新紙幣関連）
1060,きよし,6707,サンケン電気,サンケン電気 地震の影響で株価が下がったのでワンちゃんあり？
1061,マー,6730,アクセル,アクセル
1062,ミッチャン,6731,ピクセラ,ピクセラ] おもちゃになっているため。年末までは地獄でしたが、株式併合で今年に入り上がり傾向になっています。従業員の皆さん、なんとか頑張って浮上お願いします！
1063,シェイン,6752,パナソニックホールディングス,パナソニックホールディングス　割安水準にあり、日立、ソニーなどの躍進に追随できる可能性がある
1064,ににもも,6776,天昇電気工業,天昇電気工業　時価総額100億以下の低位株。売上、営利共に上向いておりメキシコの第二工場の売上フル寄与が25年3月期なので、ちょうど今年の年末時点で折り込まれて行くかもしれない。
1065,しろまる,6788,日本トリム,日本トリム
1066,あーうぃん,6810,マクセル,マクセル　全個体電池で注目集める
1067,お多福。。,6814,古野電気,古野電機　船舶と防衛
1068,しのぴー＠横綱　若三杉,6814,古野電気,古野電気
1069,あい,6814,古野電気,古野電気船舶需要で盛り上がりそう。陸の事業にも期待
1070,一人旅,6819,伊豆シャボテンリゾート,伊豆シャボンデンリゾート　グランピング人気とこの地域で負動産を買ってる人が増えてるから
1071,しろまる,6819,伊豆シャボテンリゾート,伊豆シャボテンリゾート
1072,お多福。。,6823,リオン,リオン　半導体関連
1073,まろまろ,6823,リオン,リオン　補聴器はコロナ後の回復により堅調。著しい成長の半導体向けパーティクルカウンターは今後ＨＢＭやＥＵＶ、ＴＳＶ技術によりパーティクル監視が必須になるため需要急増。会社予想は保守的で特にパーティクルカウンターは社長自ら保守的とコメント。1/30の決算で上方修正を睨む。80周年記念配に期待
1074,EK,6832,アオイ電子,アオイ電子
1075,むね坊主,6832,アオイ電子,アオイ電子　半導体全上げ相場たのむ
1076,ひんご,6832,アオイ電子,アオイ電子。半導体後工程の要。業績好転は2025年かもしれないけれど、ソレを見越してPBR1倍まで是正されても
1077,yossy,6862,ミナトホールディングス,ミナトHD
1078,中田B,6862,ミナトホールディングス,ミナトHD 半導体関連の低時価総額
1079,ヒロ,6862,ミナトホールディングス,ミナトホールディングス　利益率が高く成長している書き込みサービスの需要と新工場建設、キャパ拡大。
1080,masa,6862,ミナトホールディングス,ミナトホールディングス　　競合がいない中需要増により。
1081,グラッチ,6871,日本マイクロニクス,"日本マイクロニクス　生成AI用HMB需要　NAND,DRAMの回復"
1082,タイ,6888,アクモス,アクモス
1083,pekepeke,6890,フェローテックホールディングス,フェローテック 半導体銘柄は来期より回復予想。中計どおりなら面白いかも。
1084,なのなの,6890,フェローテックホールディングス,フェローテックホールディングス 半導体関連では割安感目立つ
1085,DAIBOUCHOU,6932,遠藤照明,	遠藤照明	割安。円高ドル安が有利。
1086,masa,6962,大真空,大真空　　PC、スマホの需要が戻る
1087,ヒデゾー,6966,三井ハイテック,三井ハイテック
1088,グコウさん,6986,双葉電子工業,双葉電子　構造改革できれば
1089,まえだ（前田嘉一）,6986,双葉電子工業,双葉電子工業
1090,ひらはら,6994,指月電機製作所,指月電機 在庫調整進展、業績↑等で
1091,あべんどT,6996,ニチコン,ニチコン 蓄電システムV2H連携
1092,がっしー会長,7003,三井E＆S,三井E &S とある古参の株クラと主力銘柄が被ると大相場になるアノマリーがある為w
1093,やっしー,7003,三井E＆S,三井Ｅ＆Ｓ
1094,こいけ,7003,三井E＆S,三井E&S
1095,しかれども,7003,三井E＆S,三井E＆S 　造船バブルは本物＋三井海洋開発の業績好調＋その他事業も復調。低pbr
1096,Kent,7003,三井E＆S,三井E&S  舶用エンジンはアフターサービス伸長。産業機械堅調。港湾クレーンは価格見直し進む。
1097,きよし,7003,三井E＆S,"三井E&S 1,500円ぐらいまでは余裕であがる？かも"
1098,田上 太郎,7003,三井E＆S,三井E&S だれもが見ている造船銘柄
1099,ぱふぇっと,7003,三井E＆S,三井E&S バリュー、黒転、新株終了、造船銘柄出遅れ
1100,にゃり,7003,三井E＆S,三井Ｅ＆Ｓ　船舶ディーゼルで首位。造船ブームがまだ継続するため。PBR1倍以下
1101,クニ,7003,三井E＆S,三井E&S　船舶用エンジン価格上昇による大幅増益
1102,豚さがり,7003,三井E＆S,三井E&S　造船
1103,yossy,7003,三井E＆S,三井E&S 造船バブル銘柄の出遅れとして。
1104,断捨離(DSR),7003,三井E＆S,三井E&S 造船関連+ESG狙い
1105,秋吉義明,7003,三井E＆S,三井E&S 造船業界の今後右肩上がりの市場による売上増
1106,愛媛のユウ,7003,三井E＆S,三井E&S 本業の数字が評価されるのはこれから。国策！
1107,初心,7003,三井E＆S,三井E&S	良さそうだと教えていただいたパクリです
1108,AKI,7003,三井E＆S,造船バブルはこれから。
1109,ヨールト,7003,三井E＆S,造船関連で出遅れ感＋去年のジャパンエンジンを見れば可能性高そう
1110,DAIBOUCHOU,7003,三井E＆S,	三井E&S	造船需要。割安。希薄化解消。
1111,ひむろ,7003,三井E＆S,三井E&S
1112,ひろたん,7003,三井E＆S,三井E&S  船舶用エンジン国内首位　11/9決算発表　純利益46億対前年同期比227%で、上昇トレンド中ですが、年末時点で株価2倍以上になると考えます。
1113,とっしー,7003,三井E＆S,三井E&S 過去の業績対株価位置踏まえ、数字順調に伸びると株価倍が狙える。
1114,深田恭子,7003,三井E＆S,三井E＆S
1115,VASHI,7003,三井E＆S,三井E&S　上方修正　
1116,さざなみ,7003,三井E＆S,三井E&S(7003)  舶用ディーゼルエンジン　造船バブル継続に期待
1117,じゅぽたん,7014,名村造船所,名村造船　造船には時間がかかるから
1118,AKI,7014,名村造船所,造船バブルはこれから。
1119,ritz9661,7014,名村造船所,名村造船
1120,愛媛のユウ,7014,名村造船所,名村造船 バブルおじさんは、永久に不滅です！！
1121,ヒロ,7014,名村造船所,名村造船　関連企業も好決算の時流テーマ。SNSでのモメンタムも加味
1122,ねふぇ,7014,名村造船所,名村造船 言わずと知れた造船銘柄。ここからのさらなるビッグウェーブに期待しています。
1123,あきら,7014,名村造船所,名村造船　視聴率の高い人気株。未保有だが買ってみたい。
1124,フックン,7014,名村造船所,名村造船 説明は専門家にお任せします。
1125,やっしー,7014,名村造船所,名村造船所
1126,EK,7014,名村造船所,名村造船所
1127,piyopiyodawan,7014,名村造船所,名村造船所
1128,たかたか,7014,名村造船所,名村造船所 シクニカル銘柄で造船が引き続き強そうなため。
1129,gonta@株,7014,名村造船所,名村造船所　たーちゃん銘柄
1130,grass hopper,7014,名村造船所,名村造船所　バブルくっぞ！！
1131,ほくと,7014,名村造船所,名村造船所 去年に引き続き
1132,ほしいも,7014,名村造船所,名村造船所 言わずもがな
1133,のりぞー,7014,名村造船所,名村造船所 造船バブル
1134,しかれども,7014,名村造船所,名村造船所　造船バブルは本物
1135,秋吉義明,7014,名村造船所,名村造船所 造船業界の今後右肩上がりの市場による売上増
1136,たーちゃん,7014,名村造船所,名村造船所　来期から決算に反映されてくるから
1137,あそびにん,7014,名村造船所,名村造船
1138,えびす,7014,名村造船所,名村造船所　円安はある程度継続、受注残は、単価高い船、利益は続く配当も上がる？
1139,たかね,7014,名村造船所,名村造船所　造船バブルらしいので
1140,log,7018,内海造船,内海造船　①名村より出遅れ。②内航船の収益が今後の船価に影響。
1141,kazu4565,7021,ニッチツ,ニッチツ　造船関連でありバリュー株
1142,羽根,7022,サノヤスホールディングス,サノヤス　低位株であること、遊園地機械に期待
1143,take,7033,マネジメントソリューションズ,MSOL　45～50％の成長が期待できるが、今期予想PER＝23倍程度で割安。営業利益率の向上も見込め、機関の買いも期待できる。社長交代が不安材料
1144,ゆきお,7033,マネジメントソリューションズ,MSOL 成長性を考えると、今後株価は上にいくと思うので
1145,ia,7039,ブリッジインターナショナル,ブリッジインターナショナル
1146,深田恭子,7046,TDSE,TDSE
1147,JYO,7047,ポート,ポート
1148,牛肉太郎,7048,ベルトラ,ベルトラ　円高での海外旅行需要爆発にベット
1149,りんたん,7048,ベルトラ,ベルトラ 円高メリット銘柄扱いされており、円高本格化ならここ。LINKTIVITYも注目。
1150,あい,7048,ベルトラ,ベルトラ今年は連休が多く旅行需要が見込めると思う
1151,カヌレ,7059,コプロ・ホールディングス,コプロホールディングス　2023年に引き続き業績好調、IRや株価対策にも積極的。
1152,ハネハネ,7059,コプロ・ホールディングス,コプロホールディングス 2024年問題銘柄
1153,たっくん,7059,コプロ・ホールディングス,コプロＨＤ 業界4位だが、シェア3％で半導体関連にも伸びしろがある。社長がやり手で期待できる。M＆Aで一気に市場占拠も可能。AIブームにより、IT技術者不足で求人倍率が10倍との情報もある中で、社内異動も活用した低コストでの成長戦略に期待したい。金沢に拠点があるので、震災後のスマートシティ構想にも参画をすると予想。
1154,ほみ株,7060,ギークス,ギークス
1155,ヨールト,7061,日本ホスピスホールディングス,サンウェルズと同じくテーマ性のあるサ高住が今後のテーマ株になりそう
1156,Meril,7061,日本ホスピスホールディングス,日本ホスピス
1157,えむ,7061,日本ホスピスホールディングス,日本ホスピス 持続的な成長
1158,いちすけ,7061,日本ホスピスホールディングス,日本ホスピス 中計アップデートで買われるかも。株価低迷しているが稼働率上がって収益化が進んでおりそろそろ買われても良い。
1159,ia,7061,日本ホスピスホールディングス,日本ホスピスHD
1160,のりぞー,7061,日本ホスピスホールディングス,日本ホスピスホールディングス
1161,あべんどT,7062,フレアス,フレアス ホスピス
1162,ロニー,7062,フレアス,フレアス ホスピス銘柄として注目を浴びる。
1163,ぺるる,7062,フレアス,フレアス　多機能看護施設＆ホスピスが収益化
1164,Bolsa,7065,ユーピーアール,UPR　2024年物流問題
1165,のりぃ,7065,ユーピーアール,UPR 物流2024年問題をうけてパレット需要が高まりそうだから。
1166,Yoshua,7065,ユーピーアール,"UPR, 営利の上昇見直しに期待。"
1167,shin 619,7065,ユーピーアール,ユーピーアール
1168,円蔵,7065,ユーピーアール,ユーピーアール 　2024年問題銘柄として
1169,ヨールト,7065,ユーピーアール,小型株＋物流の働き方改革関連で
1170,お花畑,7066,ピアズ,ピアズ　グロース株　ＡＩ関連　低ｐｅｒだから
1171,モモクリン（momokurin）,7072,インティメート・マージャー,インティメートマージャー、グーグルがサードパーティクッキーを完全廃止すると発表しているのが今年後半、後は分かるなの展開
1172,あきら,7080,スポーツフィールド,スポーツフィールド　　コロナ初期に上場、コロナ後の回復に期待。毎年分割実施も。　未保有
1173,イタル,7081,コーユーレンティア,コーユーレンティア 元からの割安さに加えて万博レンタル特需狙い
1174,茶々丸,7083,AHCグループ,AHCグループ
1175,かぺぺ,7088,フォーラムエンジニアリング,フォーラムエンジニアリング インド事業が流行ったら…
1176,さくさく,7089,フォースタートアップス,フォースタートアップス : 今期の成長投資を経て、来期期待。スタートアップ事業万年人手不足、人件費増に伴いマージン拡大。
1177,まえだ（前田嘉一）,7089,フォースタートアップス,フォースタートアップス
1178,バール,7089,フォースタートアップス,フォースタートアップス 来期予想で
1179,sakumaT,7091,リビングプラットフォーム,リビングプラットフォーム　介護需要、かさんでいる水道光熱費の価格転嫁
1180,グコウさん,7092,Fast_Fitness_Japan,FFJ プライムに残る必要あり、上場維持基準の開示に書かれてる通りのper評価されたらワンチャン
1181,ほくと,7094,NexTone,NexTone 小会社問題も収まり成長期待
1182,かもめ,7094,NexTone,	NexTone/2023年騰落率で下落率上位もまだ成長が続いているので反転あれば
1183,しろまる,7095,Macbee_Planet,ＭＡＣＢＥＥＰＬＡＮＥＴ
1184,☆にゃー☆,7095,Macbee_Planet,マクビー、不安点だったネットマーケティングのM&A後、PMI動向が非常に順調そうなため、今後もM&Aをしていくことで成功する可能性が高まった。また、以前より売り上げ先が偏っていたがバランスが取れてきたため、安定感が増した
1185,先高,7102,日本車輌製造,日本車輌製造 造船が来たら、ここも！？ PER8倍、PBR0.55倍、利回り0.9%。増配にも期待。
1186,ポンポコたぬき,7110,クラシコム,クラシコム ブランド力評価
1187,えむ,7110,クラシコム,クラシコム 北欧インテリアなどか好きだから
1188,ひむろ,7111,INEST,INEST
1189,くろ,7115,アルファパーチェス,アルファパーチェス、自社で使い始めてよかったから
1190,なべさん＠高配当バリュー投資家,7131,のむら産業,のむら産業PER 7.6倍、ROE19％。割安訂正されれば
1191,EK,7163,住信SBIネット銀行,住信SBI
1192,うさみん,7163,住信SBIネット銀行,住信SBIネット銀行
1193,ほーちゃんのパパ,7163,住信SBIネット銀行,住信SBIネット銀行
1194,なつみ,7163,住信SBIネット銀行,住信SBIネット銀行
1195,えむ,7163,住信SBIネット銀行,住信SBIネット銀行 マイナス金利解除&BAAS事業
1196,だーしか,7163,住信SBIネット銀行,住信ＳＢＩネット銀行 マイナス金利解除、住宅ローン貸付多い
1197,たこ,7163,住信SBIネット銀行,住信ＳＢＩネット銀行　金利上昇によるEPS改善
1198,ボントレ,7163,住信SBIネット銀行,住信SBIネット銀行　日銀ゼロ金利解除期待
1199,初心,7163,住信SBIネット銀行,住信SBIネット銀行	企業成長＋金利上昇による収益拡大
1200,neko4979,7163,住信SBIネット銀行,住信SBIネット銀行
1201,ミッチャン,7172,ジャパンインベストメントアドバイザー,JIA] 成長する中で増資(ライツオファリング)し、既存株主にも配慮しているところが素敵。利益伸ばす気マンマンなのも伝わってくる。ただし、一旦は現在の株価である約1500円が900円位になってしまう。そこからであれば4倍株になる必要があり、ハードルは上がる。でも夢があるから推します！
1202,クニ,7172,ジャパンインベストメントアドバイザー,JIA 航空機・船舶・コンテナなどのリースが伸びる
1203,とっしー,7172,ジャパンインベストメントアドバイザー,JIA 中計通りにいけることが株価的に織り込まれたら倍狙える。
1204,ゆうと,7172,ジャパンインベストメントアドバイザー,ジャパンインベストメントアドバイザー 同社は2023年7月31日に来期からはじまる新中計を開示しており、オペレーティング・リース事業の伸長以外にも環境エネルギー事業・不動産事業・PE投資事業の伸長により、来期から3期連続で利益倍増の計画を描いています。この計画の達成確度は現状では評価しづらいものの、直近のライツオファリングの発表により株価が急落(直近は回復傾向ですが)したことで、株価の位置は低くなっています。そのため、業績次第ではありますが。2倍程度の株価を付ける可能性もあるのではないかと思っています。
1205,たかね,7172,ジャパンインベストメントアドバイザー,ジャパンインベストメントアドバイザー　中計意欲的
1206,フィナンシェ,7172,ジャパンインベストメントアドバイザー,ジャパンインベストメントアドバイザー 夢の中計、その進捗次第。
1207,Bolsa,7177,GMOフィナンシャルホールディングス,GMOフィナンシャルグループ
1208,あべんどT,7177,GMOフィナンシャルホールディングス,GMOフィナンシャルホールディングス
1209,Chiharu24,7180,九州フィナンシャルグループ,九州ファイナンシャル　熱い熊本
1210,バクタ,7187,ジェイリース,ジェイリース　成長性とバリュエーション
1211,バクタ,7191,イントラスト,イントラスト　成長性とバリュエーション
1212,ゆうき,7191,イントラスト,イントラスト さすがに割安。医療保証が3.4Q伸びる。
1213,りょう,7196,Casa,CASA
1214,ボントレ,7198,SBIアルヒ,SBIアルヒ　フラット35関連
1215,アディ,7198,SBIアルヒ,SBIアルヒ　今が陰の極。フラット35一本足打法のイメージでオワコン感がある中、次の四半期から変動金利のMG保証が大きく伸びてくるとみる。これはSBIグループ入りしたことで組成できた代物であり、新生銀行とSBIが手を出している地方銀行のところをまとめた商品。情報ではかなり審査は緩く、これまで中々住宅ローンが組めなかった専業投資家とかでも組めると噂を聞く。業績が大きく上がってこれば過去の高値も見えてくると思う
1216,AKI,7198,SBIアルヒ,変動金利商品の拡充で業績のＶ字回復を期待
1217,DAIBOUCHOU,7198,SBIアルヒ,	SBIアルヒ	MG保証の住宅ローンが好調。
1218,ぬくごろ,7205,日野自動車,日野自動車　三菱フソウとの経営統合により株価復活期待　
1219,ゆに,7205,日野自動車,日野自動車　単独不祥事にダイハツの不祥事も重なり頭押さえられてる。
1220,じゅぽたん,7213,レシップホールディングス,レシップ　アメリカでの受注が取れ始めたから
1221,グラッチ,7213,レシップホールディングス,レシップ　新札　バス料金箱の改修
1222,如水,7213,レシップホールディングス,レシップHD
1223,ボンボン,7213,レシップホールディングス,レシップHD 新札特需+米国受注好調
1224,keiko,7213,レシップホールディングス,レシップHD新紙幣流通による運賃箱交換需要。アメリカの大型受注
1225,うわん,7213,レシップホールディングス,レシップホールディングス
1226,kenmo,7213,レシップホールディングス,レシップホールディングス パクリ銘柄その②。ビビッと来たため。頑張ってほしい。
1227,ひろたん,7214,GMB,"GMB 奈良県にある独立系自動車部品メーカー　理論株価より82%安　時価総額64億　1/5終値1208円で、年内にR5.6の株価3,350円を越えてくると考えます。"
1228,じょにー,7218,田中精密工業,田中精密工業株式会社
1229,羽根,7238,曙ブレーキ工業,曙ブレーキ　低位株。
1230,ミッチャン,7246,プレス工業,プレス工業] PBR 0.56 PBR1倍割れの解消、割安高配当＆600円前後の手頃感による新NISAの買い、配当性向30%で無理してなく、借金少なく利益剰余金もたくさんあるので増配も。いすゞさんか日鉄さんによるTOBもワンチャンあり？2倍に向かってジワジワ上げて行きますように！
1231,サントーシー,7246,プレス工業,プレス工業　新nisaで高配当銘柄が買われれば　SBIがメンテで見れないので何を上げようと思ったか忘れてしまったので
1232,ゆに,7247,ミクニ,ミクニ　指標割安。防災分野も材料になれば。
1233,やっしー,7256,河西工業,河西工業
1234,sufo,7256,河西工業,河西工業 今年こそ上昇してほしい。
1235,睡眠,7256,河西工業,河西工業　耐えて業績回復すれば。
1236,華,7272,ヤマハ発動機,ヤマハ発動機
1237,ゆうと,7280,ミツバ,ミツバ 同社は2023年5月10日に今期業績や中期経営計画の開示をおこない、実際に第2四半期までではあるものの順調な業績の回復傾向が確認でき、自動車パーツということを加味してもかなり割安な水準であると言えます。また、先の中計では5年累計で320億円の株主還元をおこなう方針を掲げており、種類株式の償却に充てる部分を加味しても大幅な増配が期待できる余地もあることから、2倍程度の株価を付ける可能性もあるのではないかと思っています。
1238,さくさく,7287,日本精機,"日本精機：中計,2025/3月期～2027/3月期の3年間で時価総額700億に対して200~250億の株主還元を予定。"
1239,うわん,7287,日本精機,日本精機
1240,まもる,7287,日本精機,日本精機　HUD首位。PBR0.32 株主還元強化を発表、業績も底打ち。
1241,スカイラー,7287,日本精機,日本精機 業績回復+株主還元期待
1242,きよし,7287,日本精機,日本精機 社長がPBR1倍にする（らしい）ので2倍程度にはなるかと
1243,アディ,7287,日本精機,日本精機　新中計が出ていて、25年3月期～27年3月期までで総還元性向 80.0%で株主還元200～250億と開示している。業績もこれから回復していくタイミングになり、PBRも現在0.32と低く、株価意識も高いと思われる。
1244,お蝶,7287,日本精機,日本精機 低PBR0.3倍の是正
1245,タダモノ,7287,日本精機,日本精機　売上上振れ還元強化
1246,アンテ＠株式投資,7287,日本精機,日本精機 来期以降、大幅な増配があるとみられるため。
1247,JYO,7287,日本精機,日本精機
1248,AK,7287,日本精機,日本精機　ダイハツ駄目ならホンダで。円安継続、低PBR、還元強化、バリュー相場継続で2倍に…。
1249,本屋,7287,日本精機,日本精機 中経で還元発表したけど、業績が信じられていなくて株価は元の位置に。税前利益に対して純利益低すぎる。主要取引先のホンダ好調、HUDの成長、不採算地域の採算改善で利益急回復しそう。
1250,ぬくごろ,7287,日本精機,日本精機　還元評価　増配期待　自社株買い　HUD評価されるはず
1251,じょにー,7291,日本プラスト,日本プラスト株式会社
1252,茶々丸,7299,フジオーゼックス,フジオーゼックス
1253,猫三昧,7317,松屋アールアンドディ,松屋R&D
1254,ひんご,7317,松屋アールアンドディ,松屋R&D。ベトナム工場稼働。キレイなAbalance
1255,yossy,7318,セレンディップ・ホールディングス,セレンディップ 昨年も伸びたが、まだまだ伸びそう。
1256,shin 619,7318,セレンディップ・ホールディングス,セレンディップ・ホールディングス株式会社
1257,sakumaT,7325,アイリックコーポレーション,アイリックコーポレーション　四季報予想25.6の伸びが良く、割安水準になって買われる予想　有利子負債０
1258,ゆに,7337,ひろぎんホールディングス,ひろぎんホールディングス
1259,中田B,7342,ウェルスナビ,ウェルスナビ 新NISAでユーザー数UP
1260,あきんこ,7342,ウェルスナビ,ウェルスナビ　預り金上昇
1261,うわん,7343,ブロードマインド,ブロードマインド
1262,Yokabun,7352,TWOSTONE＆Sons,TWOSTONE&SONS 今の高い成長率はまだ１年は続くと期待。
1263,リネラブ,7352,TWOSTONE＆Sons,TWOSTONE&Sons 人材不足によるエンジニア需要
1264,JYO,7352,TWOSTONE＆Sons,ＴＷＯＳＴ
1265,ベリーピザ,7353,KIYOラーニング,KIYOラーニング　売上高成長率30%超。黒転。粗利85%超。新規事業の展望が良ければ期待できる。
1266,しょうり,7354,ダイレクトマーケティングミックス,ダイレクトマーケティングミックス　不祥事からの復活に期待
1267,ヨシ,7361,ヒューマンクリエイションホールディングス,セルム 【理由】①業績拡大期待 ②ジンクス（IR説明会後に注目度高まる）
1268,たむっちょ,7367,セルム,セルム
1269,kazu4565,7367,セルム,セルム　人的資本開示による売り上げ利益の拡大
1270,しのぴー＠横綱　若三杉,7367,セルム,セルム経営幹部や管理職向けの研修を担う人材関連のコンサルタント会社。人的資本経営関連の銘柄であり、若手社員向けの研修等の事業も伸びているほか、人材関連以外の分野の成長やM&Aでの事業拡大を行っている点に期待。
1271,yossy,7369,メイホーホールディングス,メイホーHD 2024年問題で建設人材系には引き続き資金が集まりそうなので。
1272,スカイラー,7370,Enjin,Enjin 売り込まれたグロースの反転期待
1273,ヨシ,7374,コンフィデンス・インターワークス,コンフィデンス・インターワークス 【理由】①増益期待 ②需要増加期待 ③テーマ性（人材・ゲーム・e-sports）
1274,さくさく,7378,アシロ,アシロ： 中計
1275,ゆっき,7378,アシロ,アシロ 2025年10月期 営業利益11億想定（2024年10月期は投資期のため営業利益1億）
1276,ブラウン,7378,アシロ,アシロ　2倍株研究会 Part2銘柄ディスカッションの銘柄　アシロラインに期待
1277,らう,7378,アシロ,アシロ IPOセカンダリ（元クオリティ株）。先行投資中につき利益が少ないが2025.10期には営業利益11億に拡大予定。自信があるためか配当は出している。X10で時価総額110億円が最低線。現在、時価総額が52.0億円のため２倍が狙える。市場規模は、獲得顧客数983件に対し、全体の弁護士事務所数は約1.8万件と20倍の拡大余地がある。
1278,フカカチ,7378,アシロ,アシロ　先行投資期間も今期で終わり。来期からは収穫期と社長が明言。今期でも投資がなければ実質PER約10倍。配当利回り約3%。
1279,えむ,7378,アシロ,アシロ 投資期は2024年まで
1280,NY,7378,アシロ,アシロ　役員がお金のために数字だけ作ってくるー
1281,なのなの,7383,ネットプロテクションズホールディングス,ネットプロＨＤ ほぼ逆テンバガーも利益フェーズへ
1282,pekepeke,7409,AeroEdge,AeroEdge 2023年IPO銘柄。航空機エンジン部品メーカー。需要は安定。
1283,猫三昧,7409,AeroEdge,エアロエッジ　航空機需要増、および金属3Dプリンター需要増
1284,写楽保介,7427,エコートレーディング,エコートレーティング PER7より評価されて欲しい。ただの願望。
1285,neko4979,7427,エコートレーディング,エコートレーディング
1286,円蔵,7455,パリミキホールディングス,パリミキホールディングス　まだまだ安いと思うので
1287,かもめ,7455,パリミキホールディングス,パリミキ/黒字転換し目先増益もみられる復調系低PBR銘柄
1288,kenmo,7455,パリミキホールディングス,パリミキホールディングス 社内の構造改革。恒吉社長による新体制に期待。JEH(金子眼鏡)も安いし魅力的だが、需給・チャート・BS、組織体制なども踏まえてこちらにBETしたい。
1289,JYO,7455,パリミキホールディングス,パリミキＨＤ
1290,あい,7456,松田産業,松田産業貴金属相場が上昇すれば儲かる？食品分野も水産を扱っているので面白いと思う
1291,するが,7485,岡谷鋼機,岡谷鋼機 割安銘柄の水準訂正
1292,ラッキー,7508,G-7ホールディングス,Ｇ－７ホールディングス　　円高に進めば業務スーパーの業績改善
1293,アオ,7521,ムサシ,ムサシ 2024年都知事選挙/衆議院解散の可能性
1294,えむじぇい,7522,ワタミ,ワタミ インバウンド高級店出店、悪企業イメージ忘却、酒類値上げ
1295,めがね,7524,マルシェ,マルシェ　業績回復
1296,ののこ🍣,7544,スリーエフ,スリーエフ 営業利益率改善傾向。
1297,スーパーこさく,7544,スリーエフ,スリーエフ 神奈川のローソンコラボコンビニ。ポプラと違いコロナ前で業績壊滅的。18年にローソンを前面に押し出す店舗に一括置換。判断奏功し今期から業績V字回復開始だが、入替分減価償却（0.3億×280店÷7年=11億）満了での増益影響が現時点では株価未反映👺
1298,あお,7552,ハピネット,ハピネット 街中でカプセルのガチャガチャ増えているから
1299,こいけ,7559,ジーエフシー,ジーエフシー
1300,たぐけん,7561,ハークスレイ,ハークスレイ　ほっともっとではなく、店舗アセット&ソリューションと物流・食品加工事業が成長中。全事業が順調で昨年12月に上方修正出した。本決算時の中計ローリングはおそらく強気で出しそう。PBR1倍超えが悲願と言っており対策を講じてくる可能性あり。
1301,えむじぇい,7561,ハークスレイ,ハークスレイ 大阪万博、PBR是正、付加価値の値上げ、飲食系新ニーサ
1302,ゆに,7599,IDOM ,IDOM 中古車業界で漁夫の利を得るのはここになりそう。
1303,piyopiyodawan,7601,ポプラ,ポプラ
1304,きづ,7604,梅の花,梅の花 株主優待復活
1305,アオ,7608,エスケイジャパン,エスケイジャパン  クレーンゲーム人気/インバウンド需要
1306,ramune,7608,エスケイジャパン,エスケイジャパン　直近決算良好。訪日外国人増加・円高恩恵。
1307,まろまろ,7609,ダイトロン,ダイトロン　半導体パーティクル検査需要旺盛。海外半導体検査装置メーカーと話しを進めていると社長の談があり期待。
1308,Yokabun,7610,テイツー,テイツー　トレカの査定機に期待。
1309,羽根,7610,テイツー,テイツー　低位株　M&Aに期待
1310,アオ,7614,オーエムツーネットワーク,オーエムツーネットワーク Cashリッチ/PBR1倍割れ/外食需要
1311,ピリヤ,7646,PLANT,PLANT 24年９月期の配当性向100％と株主還元への積極性が見られるのと、北陸地盤なので応援の意味で1票
1312,きよし,7676,グッドスピード,グッドスピード
1313,ロニー,7676,グッドスピード,グッドスピード やったこと以上に松井がヘイトを集めているから。
1314,日本酒軽,7687,ミクリード,ミクリード　コロナ禍で飲食の診断代謝が進んでいれば
1315,ベリーピザ,7694,いつも,いつも株価長期の下落で底打ち。FY22減損による悪化から回復。祖業のEC支援順調。進行期上期進捗率悪く見えるが下期偏重。参入したライブコマース事業が上手くいけば期待できる。
1316,めそ,7695,交換できるくん,交換できるくん  グロース銘柄のリバウンド③
1317,tony,7695,交換できるくん,交換できるくん ビジネスモデル良いので戻りませんかね…
1318,いっちゃん,7695,交換できるくん,交換できるくん 進捗悪いが、売上伸びてくれば株価戻る、住設機器EC
1319,かもめ,7695,交換できるくん,交換できるくん/2023年騰落率で下落率上位もまだ成長が続いているので反転あれば
1320,ぴょん,7698,アイスコ,アイスコ　盛暑需要、冷凍食品成長、優待新設
1321,睡眠,7715,長野計器,長野計器　過去PERでも安く需要も堅調。中経営利年成長25％、来期EPS270円でて成長評価でPER15つけば。
1322,Tamu,7716,ナカニシ,ナカニシ プライム市場への移行を期待
1323,猫三昧,7717,ブイ・テクノロジー,Vテクノロジー　FPD製造装置受注復活＋半導体製造装置絶好調へ
1324,人間,7746,岡本硝子,岡本硝子 放熱基板用セラミック好調
1325,翁,7779,CYBERDYNE,CYBERDYNE
1326,　ちちやす,7780,メニコン,メニコン 時価総重いが中計達成の兆しが見えれば
1327,ぬくごろ,7780,メニコン,メニコン　メルスプラン値上げと新工場稼働　オルソケラトロジーの流行　業績改善　現時点　需要>競争
1328,あい,7781,平山ホールディングス,平山ホールディングス新卒の人材採用を強化。技術者派遣、製造請負、工場の現場コンサルなど幅広い業務を行う。EPSが伸びている
1329,おいどん,7792,コラントッテ,コラントッテ　オリンピックイヤーで製品の露出が更に増えそうだから
1330,人間,7793,イメージ・マジック,イメージ・マジック ライブ等、経済活動の正常化
1331,初心,7793,イメージ・マジック,イメージ・マジック	アフターコロナで業績良好、'24策定の中期経営計画に期待
1332,マー,7793,イメージ・マジック,イメージマジック
1333,ひろたん,7793,イメージ・マジック,イメージ・マジック　時価総額35億　1/5終値1536円　オンラインプリント、プリンター販売とも好調で、年末時点で株価2倍以上になると考えます。
1334,フックン,7794,イーディーピー,EDP 輸出の問題が徐々に解決を期待。新市場、新顧客にも期待。
1335,クロロ,7794,イーディーピー,イーディーピー　人工ダイヤモンドの宝飾品や半導体研究開発の需要拡大による上振れ期待。個人投資家が好きな中小型であるので買いが入れば再び急浮上の可能性を見込みました。
1336,シロモ,7800,アミファ,アミファ
1337,hokusansan1,7800,アミファ,アミファ インフレ＆不況になったら100均一の需要が増えそう
1338,かぺぺ,7800,アミファ,アミファ 円高の流れに期待
1339,松井優作,7800,アミファ,アミファ 円高で粗利改善で利益増加で評価されるか？昨年の売上伸びは驚異的
1340,小バンダ,7804,ビーアンドピー,ピーアンドピー　小型割安成長の見直し、万博
1341,プケ,7807,幸和製作所,幸和製作所
1342,エル川,7807,幸和製作所,幸和製作所 福祉用具、介護用品メーカー。歩行車軸にブランド力を発揮。昨年販売価格の見直し、コスト削減策推進で利益が倍増。24年2月にブレーキ操作しなくても停車する歩行器を発売。高齢化に伴い歩行車の需要は今後も増え続けると思うので更なる成長期待。
1343,hiro,7807,幸和製作所,幸和製作所 歩行車販売好調時価総額76億
1344,あーうぃん,7809,壽屋,壽屋　オタク消費の勢いで
1345,tony,7809,壽屋,壽屋 決算ダメでしたがいくらなんでも安ないですか…？
1346,rurio,7813,プラッツ,プラッツ　介護ベッド製造販売。団塊の世代が後期高齢者。中国　韓国にも。
1347,Yokabun,7816,スノーピーク,スノーピーク　米国の直営キャンプ場当たるか
1348,yossy,7819,粧美堂,粧美堂
1349,mio,7819,粧美堂,粧美堂　ここからっす！
1350,sasuke,7819,粧美堂,粧美堂
1351,すっぴー,7822,永大産業,永大産業　震災特需。配当利回り4％は魅力
1352,エル川,7826,フルヤ金属,フルヤ金属 高純度イリジウム＆ルテニウムでそれぞれ90％、70％のほぼ寡占状態というグローバルニッチトップ企業。利益率が高く技術力は確かと見られる。24年夏UDCの青色燐光材発売を機に有機ELの青色発光材料が蛍光から燐光（イリジウム）にシフトしていく過程での需要増、排ガス浄化触媒向けの多元素ナノ合金触媒、水電解触媒向けターゲットなど未来へのテーマも豊富。昨年は銀行からの資金調達、23年11月にプライム移行と共に公募増資を経て更なる設備投資へ。高い技術力を生かし会社はこれから稼ぐ気満々に映る。豊富なテーマと共に更なる成長が示していければ。
1353,一人旅,7840,フランスベッドホールディングス,フランスベッドホールディングス　介護用ベッド
1354,すっぴー,7849,スターツ出版,スターツ出版　株主還元に伴い評価が変わる可能性が高い
1355,rokuroku,7849,スターツ出版,スターツ出版　福山雅治が紅白でも歌った主題歌の映画が大ヒット上映中。原作の文庫本も今オリコンランキング１位です。書店を覗くと明らかにスターツ出版の棚が増えています。それでいてPER7.8倍。ミスプライスだと思います。
1356,GGS,7849,スターツ出版,スターツ出版、収益バリュー、IP保有銘柄（映画化・アニメ化を推進予定）としては割安か
1357,とっしー,7859,アルメディオ,アルメディオ　直近スター決算なのに対しての株価位置。断熱材確変続き、中計アップデート繰り返している。
1358,KM,7868,広済堂ホールディングス,広済堂HD　コロナ後の参列者率の回復に伴う売り上げ増加
1359,一人旅,7871,フクビ化学工業,ふくび化学工業　Kenmo式四季報読み方で見つけた。
1360,日本酒軽,7875,竹田iPホールディングス,竹田ipホールディングス アテクトと同時期にかぶたんで買い煽りされていたので
1361,あーうぃん,7887,南海プライウッド,南海プライウッド　住宅内装材の価格上昇の恩恵
1362,まぴ,7932,ニッピ,ニッピ 業績が良くて株価反応してるが、ついでに資産バリューな点も見直され、株価上昇の勢いが続くことを期待。
1363,アオ,7937,ツツミ,ツツミ Cashリッチ/PBR1倍割れ/増配や自社株買いの思惑
1364,まぴ,7938,リーガルコーポレーション,リーガルコーポレーション ニッピと株を持ち合っていて（大倉財閥系）、チャートが似ている。東証の改革で持ち合いは良くないとされているので、解消に伴い何らかの形で株価へプラスの動きが出ないだろうか。
1365,翁,7956,ピジョン,ピジョン
1366,あちし,7986,日本アイ・エス・ケイ,日本ISK 宅配ボックスへの補助金拡大
1367,nt164,7986,日本アイ・エス・ケイ,日本アイ・エス・ケイ　物流２４年関連銘柄として
1368,hiro,7986,日本アイ・エス・ケイ,日本アイエスケイ 麻薬保管庫&宅配ロッカー 時価総額26.6億
1369,roku,7991,マミヤ・オーピー,マミヤ・オーピー
1370,shin 619,7991,マミヤ・オーピー,マミヤ・オーピー
1371,オウル,7991,マミヤ・オーピー,マミヤOP 7991 新札対応 割安 不人気セクター
1372,ひむろ,8007,高島,高島屋　自社株買い
1373,オウル,8007,高島,高島8007 還元強すぎ 自社株買いは正義
1374,りんたん,8008,ヨンドシーホールディングス,ヨンドシーホールディングス 宝飾リブランディング＆しまむらぽい小売り拡大で逆襲。
1375,えむ,8014,蝶理,蝶理 気になる銘柄
1376,あちし,8022,美津濃,美津濃 ROIC>WACCとなればアシックスの1/10しかない時価総額が是正されるはず
1377,なべさん＠高配当バリュー投資家,8023,大興電子通信,大興電子通信PER6.3倍。中間決算で上方修正、通常4Qに利益集中するので上方修正ある。来期予想も同じくらいで株主還元あれば。
1378,ゆうと,8029,ルックホールディングス,ルックホールディングス 同社は2023年11月10日の第3四半期決算と同時に下方修正を発表したものの、株主優待の拡充を好感して株価は上昇していました。また、来期から始まる新中計では「資本コストや株価を意識した経営の実現に向けた対応について」も踏まえた内容を開示する予定であることや、12月21日には2024年1月から月次情報の開示をおこなうなどの姿勢を考えると、それなりに株主還元の強化を図る可能性や業績の好調な可能性が高いと思われ、新中計の内容や来期業績次第では2倍程度の株価を付ける可能性もあるのではないかと思っています。
1379,ちょる子,8035,東京エレクトロン,東京エレクトロン　8035
1380,のりぞー,8077,トルク,トルク
1381,あべんどT,8077,トルク,トルク
1382,ぼんやり田中さん,8085,ナラサキ産業,ナラサキ　好業績、増配予想
1383,一ノ瀬,8103,明和産業,明和産業　チャートの月足が底値圏からのリバウンド期待。三井E&Sの艦艇事業買収による防衛関連銘柄としての見直し買いもあり得ると考えた為。
1384,カヌレ,8214,AOKIホールディングス,AOKIホールディングス　PBR1倍割れ
1385,タイ,8219,青山商事,青山商事
1386,シロモ,8225,タカチホ,タカチホ
1387,まるのん,8225,タカチホ,タカチホ ・コロナ禍後のレジャー回復に伴う業績回復・万博関連の土産物需要増に伴う実需とテーマ性による評価向上・東証ST上場維持基準充足に向けた株価対策・欠損金解消後の復配の実現、道筋化への期待・中計の利益水準の超過期待・25/3期EPS420円×PER10倍位を見込めるとすると現状株価の2倍がみえてくる。
1388,ののじ,8225,タカチホ,タカチホ　大阪万博に期待（早い？）
1389,カヌレ,8306,三菱UFJフィナンシャル・グループ,三菱UFJフィナンシャルグループ　配当狙いでNISAで買われるのでは
1390,ちょる子,8306,三菱UFJフィナンシャル・グループ,三菱UFJ 8306
1391,ちょる子,8411,みずほフィナンシャルグループ,みずほ8411
1392,すっぴー,8473,SBIホールディングス,SBIホールディングス　金利動向により跳ね上がる
1393,華,8473,SBIホールディングス,ＳＢＩ
1394,スーパースタン,8473,SBIホールディングス,SBI　新NISA、暗号通貨事業を伸びる。
1395,ポンポコたぬき,8515,アイフル,アイフル 営業債権残高伸びが10年間でアコム・プロミス・レイクの約８倍。
1396,海運,8596,九州リースサービス,九州リース低PBR 半導体工場関連建設
1397,アオ,8604,野村ホールディングス,野村HD 株高により運用人気/割安/富裕層向けビジネス
1398,よっしー,8698,マネックスグループ,マネックスG ビットコイン上昇により純利益増加＆増配
1399,Bolsa,8698,マネックスグループ,マネックスグループ　暗号資産の暴騰
1400,shin 619,8704,トレイダーズホールディングス,トレイダーズホールディングス
1401,グコウさん,8715,アニコムホールディングス,アニコム　金利上がったらプラス銘柄
1402,ボントレ,8746,第一商品,第一商品　ゴールド関連
1403,あべんどT,8892,日本エスコン,日本エスコン
1404,一人旅,8893,新日本建物,新日本建物　Kenmo式四季報読み方で見つけた。高配当
1405,タイ,8897,MIRARTHホールディングス,ＭＩＲＡＲＴＨ
1406,クロロ,8897,MIRARTHホールディングス,MIRARTHホールディングス　高配当銘柄の代表格。配当狙いの買い期待。
1407,与野,8914,エリアリンク,",エリアリンク　業績拡大中"
1408,masa,8914,エリアリンク,エリアリンク　　出店を加速し、トップラインの伸びが予想され、それに対して固定費の上昇が少ないと想定
1409,羽根,8918,ランド,ランド　超低位株　この価格帯の株にして配当あり。
1410,shin 619,8929,青山財産ネットワークス,青山財産ネットワーク
1411,なつみ,8929,青山財産ネットワークス,青山財産ネットワークス
1412,rei,8929,青山財産ネットワークス,青山財産ネットワークス 2024年度も増収増益予定なのでそろそろ反発か。
1413,らび,8995,誠建設工業,誠建設工業　MBOot株主還元期待
1414,ののじ,8995,誠建設工業,誠建設工業　還元に期待
1415,ramune,8995,誠建設工業,誠建設工業　流通時価総額未達。MBOや改善策など期待
1416,hana,9022,東海旅客鉄道,JR東海　割安で新NISAの買いも入ってきそう
1417,あそびにん,9027,ロジネットジャパン,ロジネットジャパン
1418,とらほう,9028,ゼロ,ゼロ 24年問題に向けてしっかり対応進めてる印象。こういうときはちゃんと対応してて体力ある企業が勝つ気がする。指標割安、高配当で水準是正に期待。
1419,エル川,9028,ゼロ,ゼロ 中古車などの自動車の陸送がメイン事業。物流の2024年問題への対応として2024年1月1日より運賃を平均20％値上げの価格改定。車検のタイミング、自動車諸税の課税タイミングなど自動車の販売輸送は3月が繁忙期なのでその時期の決算のP/Lインパクトが大きそう。また、去年の決算説明資料に次期中期経営計画（24年7月～27年6月）のテーマとしてPBR1.0倍以上に向けた方策と記載があるので還元強化なども期待できるか？現在のPBRは0.69倍。
1420,ライコネン,9029,ヒガシトゥエンティワン,ヒガシ21　物流2024年問題において、既に運送事業（セグメント6割）に対策できており、運賃↑、ガソリン↓　さらに倉庫事業も順調　（M＆Aも直近よい）
1421,あそびにん,9029,ヒガシトゥエンティワン,ヒガシ２１
1422,rei,9034,南総通運,南総通運  物流2024関連。値上げ及び規制を受け他社が対応できなくなった仕事をとることで来期増収増益を狙いたい。
1423,クニ,9036,東部ネットワーク,東部ネットワーク　物流事業の値上げによる増益と低PBRで株価上昇
1424,まろまろ,9057,遠州トラック,遠州トラック　2024年問題で物流関連に注目。
1425,Tommy,9090,AZ-COM丸和ホールディングス,AZ-COM丸和ホールディングス 国の施策もあり値上げ効果が業績に寄与するはず
1426,くろ,9090,AZ-COM丸和ホールディングス,AZ-COM丸和、2024年問題
1427,ぺるる,9099,C＆Fロジホールディングス,Ｃ＆Ｆロジホールディングス　低温物流値上げ
1428,りょう,9101,日本郵船,日本郵船
1429,みま,9104,商船三井,商船三井、コンテナ運賃と自動車運搬船の運賃上昇
1430,ひむろ,9127,玉井商船,玉井商船
1431,おいどん,9145,ビーイングホールディングス,ビーイングHD 北陸から全国展開頑張って欲しい。
1432,YOKO,9158,シーユーシー,シーユーシー
1433,たむっちょ,9159,W_TOKYO,WTOKYO
1434,ゆうと,9160,ノバレーゼ,"ノバレーゼ  同社は2023年10月13日に株主優待の新設をおこなっているものの、1月14日には下方修正を発表しており、現状株価は12月の株主優待の権利落ちもあって上場来の最安値付近となっております。業績の回復時期や株価の下値余地などについては不明なものの、100株で3万円未満で株主優待投資家にとっても買いやすい単元、2,000円相当の食品の特選ギフト、株主優待利回り7%強と人気化する要素が複数あるのではと思っています。また、今回がはじめての株主優待の実施ということで誰もまだ株主優待を貰ったことがないことから、今後株主優待が到着した株主優待投資家がブログやX等で内容が良ければ拡散してくれる余地もあることから、株主優待投資家の買い需要で2倍程度の株価を付ける可能性もあるのではないかと思っています。"
1435,Lima,9161,ID＆Eホールディングス,ID&Eホールディングス建築コンサル首位の国策銘柄です。建築コンサルは大手以外は小粒がたくさんある業界らしく、ほぼ独占状態。道路、上下水道のような社会インフラの老朽化が問題となっていること、またウクライナの復興を国から受注していることで、視聴率が上がれば跳ねるかと考えます。
1436,マー,9162,ブリーチ,ブリーチ
1437,断捨離(DSR),9162,ブリーチ,ブリーチ さすがに割安過ぎる。6月決算時の来期数値が普通であれば。
1438,グラッチ,9163,ナレルグループ,ナレル　建設人材不足問題
1439,くりごはん,9163,ナレルグループ,ナレルグループ
1440,うさみん,9163,ナレルグループ,ナレルグループ
1441,あい,9163,ナレルグループ,ナレルグループ 2024年問題で注目。未経験者でありながら建設現場につけるので人手不足解消にうってつけ。同業他社よりも割安感がある。
1442,よぴ,9163,ナレルグループ,ナレルグループ 2024年問題を追い風に上昇。第二のコプロに期待
1443,azuai,9163,ナレルグループ,ナレルグループ 建設関連
1444,ラッキー,9163,ナレルグループ,ナレルグループ　　コプロホールディングスさんの2匹目のドジョウ
1445,大きなかぶ,9163,ナレルグループ,ナレルグループ。2024年問題による追い風。
1446,ギデ,9164,トライト,トライト
1447,うさみん,9164,トライト,トライト
1448,ia,9164,トライト,トライト
1449,あお,9164,トライト,トライト 介護派遣事業の成長見直し買い
1450,たかね,9164,トライト,トライト　中計意欲的、ぱっと見割安
1451,ドットコムのトマト,9164,トライト,トライト人材派遣など、株価安い
1452,TAKAS,9164,トライト,トライト成長性と比べて割安かなと
1453,Yoshua,9164,トライト,"トライト, PER急上昇"
1454,ayame,9164,トライト,トライト
1455,きよし,9165,クオルテック,クオルテック
1456,T,9165,クオルテック,クオルテック
1457,うさみん,9165,クオルテック,クオルテック
1458,ケイ,9165,クオルテック,クオルテック
1459,あきら,9165,クオルテック,クオルテック　　自分のテーブルで発表。正直よく分かりません。
1460,ヨシ,9165,クオルテック,クオルテック 【理由】①テーマ性 ②潜在顧客への期待 ③業績拡大への期待
1461,たう,9165,クオルテック,クオルテック 2023IPO、次世代半導体思惑期待
1462,りんたん,9165,クオルテック,クオルテック 2024年はEVが来ると聞くので、低PERのここにもメリット。
1463,断捨離(DSR),9165,クオルテック,クォルテック データセンタ・生成AI系半導体検査でバリュー安く伸びそう(他の方のプレゼンで良さそうだったので)
1464,フックン,9165,クオルテック,クオルテック 昨年上場して以来知名度が低く株価軟調。地味だが実力のある企業。
1465,じゅぽたん,9165,クオルテック,クオルテック　信頼性評価の需要大
1466,バンコク太郎,9165,クオルテック,クオルテック　半導体関連
1467,田上 太郎,9165,クオルテック,クオルテック 半導体需給
1468,happy,9165,クオルテック,クオルテック半導体関連
1469,saku,9165,クオルテック,クオルテック。時価総額40億の低位。EV、パワー半導体と火が付くと一気に伸びるかも
1470,ひんご,9165,クオルテック,クオルテック。よくわからない企業だけど時価総額40億は安すぎでは？
1471,トニー,9166,GENDA,GENDA 国内外でクレーンゲームが人気
1472,よっしー,9166,GENDA,GENDA 社長が優秀、M＆Aで業績伸び期待
1473,ドットコムのトマト,9166,GENDA,gendeエンタメ系 バリバリM&A
1474,neko4979,9166,GENDA,GENDA
1475,maro,9166,GENDA,genda
1476,ギデ,9168,ライズ・コンサルティング・グループ,ライズ・コンサルティング・グループ
1477,よぴ,9168,ライズ・コンサルティング・グループ,ライズ・コンサルティング・グループ 成長性に対して割安な気がする
1478,けーさん@,9168,ライズ・コンサルティング・グループ,ライズ・コンサルティング・グループ　成長力に対して割安。
1479,大きなかぶ,9168,ライズ・コンサルティング・グループ,ライズコンサル
1480,オニール好きの投資家,9168,ライズ・コンサルティング・グループ,ライズコンサルコンサルティング業界の新星
1481,happy,9171,栗林商船,栗林商船
1482,log,9171,栗林商船,栗林商船　①運賃上昇を期待。②内航船ド真ん中はここしかない。
1483,愛媛のユウ,9171,栗林商船,栗林商船 24年問題を受けての内航船需要の高まり。
1484,gonta@株,9171,栗林商船,栗林商船　トラック代替
1485,クニ,9171,栗林商船,栗林商船　モーダルシフトによる増益・PER上昇
1486,むね坊主,9171,栗林商船,栗林商船　内航価格があがれば
1487,ぱふぇっと,9171,栗林商船,栗林商船　利益の伸び、造船出遅れ
1488,ひむろ,9171,栗林商船,栗林商船
1489,ラッキー,9171,栗林商船,栗林商船　2024年問題
1490,大陸浪人,9204,スカイマーク,スカイマーク
1491,やってぃーさん,9204,スカイマーク,スカイマーク　円高恩恵銘柄。運賃値上げしていて業績に寄与。大阪万博に合わせた神戸空港国際便の解禁も追い風。
1492,ボントレ,9204,スカイマーク,スカイマーク　業績と優待新設
1493,断捨離(DSR),9204,スカイマーク,スカイマーク 需要回復+インバウンド+株価出遅れ
1494,azuai,9211,エフ・コード,エフ・コード DX関連
1495,たこ,9211,エフ・コード,エフ・コード EPS成長
1496,あい,9211,エフ・コード,エフ・コード月額課金で解約率低い。M&Aでさらなる成長に期待
1497,日本酒軽,9211,エフ・コード,エフコード　社長が剛腕っぽいので
1498,あきんこ,9211,エフ・コード,エフコード　11月の3Q決算の結果とサブスクで新規顧客は紹介制
1499,ごんきち,9212,Green_Earth_Institute,ＧｒｅｅｎＥａｒｔｈＩｎｓｔｉｔｕｔｅ経済産業省：ディープテックスタートアップ支援事業に関連しそう：瞬間的に高騰しても実績が伴わない場合は長期でなければ売却した方が良さそう：KabuBerryLab [東京開催]のフォースタートアップスさんがディープテックについて触れられていた事から選択
1500,リネラブ,9215,CaSy,CaSy 夫婦共働き増加による需要拡大
1501,rokuroku,9219,ギックス,ギックス　上場時より掲げていた目標：CAGR40%を前期は超えています。今期は伸びが落ちるように一見見えますが、前期が良すぎたためそう見えます。今期予想は控え目です。
1502,いちすけ,9221,フルハシEPO,フルハシＥＰＯ 上場来安値付近だが拠点拡大と値上げ余地あり来年度にかけて業績拡大するかも（2倍は厳しいが）
1503,happy,9223,ASNOVA,ASNOVA 今後も需要が増えて建設業界が伸びそうなので足場のレンタルも増えそう
1504,ののこ🍣,9223,ASNOVA,ASNOVA 築古マンションの急激な増加、震災復興、国土強靭化
1505,よぴ,9223,ASNOVA,ASNOVA 名証から鞍替え上場。くさび式足場のレンタルというニッチな事業に期待
1506,沼田将匡,9223,ASNOVA,グロースに上場し、前年比22.8%アップ
1507,写楽保介,9229,サンウェルズ,サンウェ・・・ 個人投資家に人気なのでダメですね笑。
1508,あお,9229,サンウェルズ,サンウェルズ 医療施設の成長継続
1509,take,9229,サンウェルズ,サンウェルズ　営利4y CAGR･予想：118.3 %。今期予想PER＝40倍程度で割安。　　　　　　　　財務状況が悪く、増資不安があり
1510,ゆうき,9229,サンウェルズ,サンウェルズ 今の株価はさすがに割安。
1511,hana,9229,サンウェルズ,サンウェルズ　売られすぎからの反発
1512,おざ,9229,サンウェルズ,サンウェルズ
1513,Nori. H,9229,サンウェルズ,サンウェルズ　そろそろ上向いていいんじゃないの
1514,お蝶,9236,ジャパンM＆Aソリューション,ジャパンM&Aソリューション IPOセカンダリーでM&A総研のように注目される
1515,小バンダ,9236,ジャパンM＆Aソリューション,ジャパンMA
1516,T,9237,笑美面,笑恵面
1517,Meril,9237,笑美面,笑美面
1518,日本酒軽,9237,笑美面,笑美面　高齢化は長いテーマになりそう
1519,Bolsa,9237,笑美面,笑美面　通期決算説明会での社長のコメントが強気だったから
1520,さざなみ,9240,デリバリーコンサルティング,デリバリーコンサルティング(9240)  DX支援　業績回復に期待
1521,ケイ,9242,メディア総研,メディア創建
1522,たむっちょ,9242,メディア総研,メディア総研
1523,牛肉太郎,9242,メディア総研,メディア総研　ニッチ分野での成長割安株で低時価総額のため爆発に期待。
1524,とらほう,9242,メディア総研,メディア総研 理系人材への注目度向上の傾向あり。業績堅調でEPS増加、PER水準見直しの双方に期待。
1525,ぬくごろ,9247,TREホールディングス,TRE　HD  環境銘柄では財務面で割安　新設最終処分場稼働がフル寄与+廃自動車増+老廃鉄スクラップ相場の上昇期待
1526,COWとれーだー,9250,GRCS,GRCS 時価総額24億円。今期EPS 3.9。来期EPS 116.8企業向けガバナンスリスクコンサルが好調。フィナンシャルテクノロジー事業を授受
1527,よしぼん,9250,GRCS,GRCS 来期はV字回復？
1528,shin 619,9251,AB＆Company,AB&Company
1529,とらほう,9256,サクシード,サクシード 高以下の部活やICT支援員外部委託の本格化に期待。
1530,よしぼん,9256,サクシード,サクシード 中学校部活動を教員が担わなくなりつつある。部活動の運営受託や人材紹介を行う同社が注目を浴びることもあるかも。横浜市より受注実績あり。
1531,ぴょん,9256,サクシード,サクシード
1532,ポンポコたぬき,9257,YCPホールディングス（グローバル）リミテッド（外国株）,YCP インド事業に期待
1533,ロニー,9258,CS-C,ＣＳ－Ｃ グリッチ。
1534,よしぼん,9258,CS-C,CS-C 人材採用費や開発費重く当期減益予想だが、来期は挽回？
1535,しかれども,9264,ポエック,ポエック
1536,たかたか,9264,ポエック,ポエック
1537,ほーちゃんのパパ,9264,ポエック,ポエック　みんなが大好きそうなテーマ株かつ業績好調
1538,ボンボン,9264,ポエック,ポエック 過去最高業績、材料豊富
1539,プケ,9264,ポエック,ポエック 新事業が面白そうなので。
1540,がっしー会長,9264,ポエック,ポエック 造船、防災関連の2テーマを含んでいる
1541,じゅぽたん,9264,ポエック,ポエック　造船受注量大
1542,たぐけん,9268,オプティマスグループ,オプティマスグループ　AUTOPACT買収の230億を捻出するために、分割&優待新設はありそう。本決算時に中計ローリング+希薄化。それを乗り越えて業績によるPER上昇で年末高を目指して欲しい。
1543,キリン＠神戸投資勉強会,9268,オプティマスグループ,オプティマスグループ　豪自動車ディーラーの買収による業績寄与で見た目だいぶ変わる。四季報記載の配当が本当なら・・
1544,ダンベルドア,9270,バリュエンスホールディングス,バリュエンスHD
1545,矢部,9272,ブティックス,ブティックス
1546,えむじぇい,9272,ブティックス,ブティックス グロース転換期待、M&A国策テーマ
1547,サントーシー,9272,ブティックス,ブティックス　第二四半期決算を受けて大きく下落したが、自社株買いも行っており会社の下期に強気を信じれば
1548,スーパースタン,9274,KPPグループホールディングス,KPP 買収後、ROE改善中
1549,ぱふぇっと,9325,ファイズホールディングス,ファイズホールディングス　ROEの伸び
1550,ぐらぐら,9327,イー・ロジット,イーロジット　2024年問題の需要高まりとともに上昇
1551,バール,9337,トリドリ,トリドリ 来期予想で
1552,end＠電力大好き,9337,トリドリ,トリドリ60億。トリドリベースが順調。UIが分かりやすい。
1553,ハネハネ,9338,INFORICH,INFORICH 売上のさらなる伸び期待
1554,KM,9338,INFORICH,インフォリッチ　携帯チャージャーのさらなる普及・売上増加
1555,あんこ,9343,アイビス,アイビス
1556,しょうり,9344,アクシスコンサルティング,アクシスコンサルティング　そろそろ反発？
1557,スカイラー,9344,アクシスコンサルティング,アクシスコンサルティング 売り込まれたグロースの反転期待
1558,ひんご,9346,ココルポート,ココルポート。利益率旧改善
1559,たむっちょ,9348,ispace,ispace
1560,初心,9348,ispace,ispace	'24冬 ミッション2とともに株価打ち上げ
1561,とおるがfire,9348,ispace,ISPACE 政府の後押しに期待
1562,オニール好きの投資家,9348,ispace,iSpace今年のテーマは天地人、秘技ムーンサルト炸裂!!
1563,シロモ,9360,鈴与シンワート,鈴与シンワート
1564,T,9360,鈴与シンワート,鈴与シンワート
1565,ののじ,9360,鈴与シンワート,鈴与シンワート　飲酒運転検知クラウドサービスの伸びに期待
1566,クニ,9360,鈴与シンワート,鈴与シンワート　物流2024問題により物流DXと倉庫の評価見直し
1567,じゅぽたん,9360,鈴与シンワート,鈴与シンワート　物流DX促進
1568,log,9362,兵機海運,兵機海運　①内航船カスり銘柄。②超小型株ゆえイナゴタワー期待
1569,roku,9369,キユーソー流通システム,キユーソー流通システム
1570,アヤ(もけもけ山),9376,ユーラシア旅行社,ユーラシア旅行社　パクリ投票　海外に行きたいから
1571,ぐらぐら,9376,ユーラシア旅行社,ユーラシア旅行社　高齢者の高価格帯海外旅行需要が戻り上昇
1572,人間,9376,ユーラシア旅行社,ユーラシア旅行社 高齢富裕層の海外旅行復活
1573,牛肉太郎,9376,ユーラシア旅行社,	ユーラシア　円高での海外旅行需要爆発にベット
1574,あんこ,9377,エージーピー,エージーピー 航空機への電力供給。インバウンド成長期待。配当性向100%以上を中計であげているので増配して注目集まれば。
1575,さくさく,9412,スカパーJSATホールディングス,: スカパー：宇宙銘柄本命。衛星
1576,お多福。。,9412,スカパーJSATホールディングス,スカパーJ　宇宙銘柄
1577,らう,9412,スカパーJSATホールディングス,スカパーJSAT 【有望テーマ：宇宙】人口衛星を17機運用するアジア随一の衛星通信事業者。宇宙事業が主力で毎年安定的に成長中。総還元４００億円と株主還元強化中。スカパーオワコンイメージがある為か累進配当なのにPBR 0.77と安い。見直し余地あり。宇宙ビジネスは、2022年NTTと合弁（Space Compass社）設立、先月に出資先QPS研究所上場、Starlink提携サービス開始と着々と手を広げている。
1578,ぺるる,9412,スカパーJSATホールディングス,スカパーＪＳＡＴホールディングス　人工衛星がテーマ化
1579,大陸浪人,9416,ビジョン,ビジョン
1580,どみの,9416,ビジョン,ビジョン アウトバウンド復活期待
1581,華,9432,日本電信電話,ＮＴＴ
1582,アヤ(もけもけ山),9432,日本電信電話,日本電信電話　時価総額の大きさをNISAおじいちゃんが覆すと信じてる。
1583,うわん,9450,ファイバーゲート,ファイバーゲート
1584,ののこ🍣,9476,中央経済社ホールディングス,中央経済社 スタンダードの上場維持基準の適合に向けて優待新設を検討中。低時価総額、低PBR
1585,ぴょん,9476,中央経済社ホールディングス,中央経済社HLDGS 優待内容決定、旧社屋売却
1586,にゃり,9501,東京電力ホールディングス,東京電力ホールディングス　原発再稼働は脱カーボンの流れの中で火力発電できないので避けられないため。PBR1倍以下
1587,ハネハネ,9506,東北電力,東北電力　原発再稼働　円高銘柄
1588,シェイン,9508,九州電力,九州電力　今期以降増益が見込まれ、割安水準にある
1589,海運,9508,九州電力,九州電力半導体工場関連
1590,バンコク太郎,9517,イーレックス,イーレックス　いよいよJEPX上がりそう
1591,お花畑,9517,イーレックス,イーレックス　業績回復期待。売上高に対して、時価総額を小さいから
1592,ダイナー,9517,イーレックス,イーレックス 赤字からの復活
1593,たぬ吉,9517,イーレックス,イーレックス　来期の業績期待
1594,rurio,9519,レノバ,レノバ　そろそろ？
1595,たぬ吉,9519,レノバ,レノバ　高値から五分の一　来期の業績期待
1596,azuai,9522,リニューアブル・ジャパン,ＲＪ 黒字転換
1597,あそびにん,9522,リニューアブル・ジャパン,リニューアブルジャパン
1598,victoriakcol naoe,9522,リニューアブル・ジャパン,リニューアブルエナジージャパン　新電力の電気高騰を食らったので。
1599,hiroseka（ひろせか）,9522,リニューアブル・ジャパン,リニューアブルジャパン
1600,Takamiy,9551,メタウォーター,メタウォーター　水事業安定。　上下水道管経年劣化で更新必須で公共事業活発化
1601,Chiharu24,9552,M＆A総研ホールディングス,M&A総研　高成長
1602,ドットコムのトマト,9552,M＆A総研ホールディングス,M&A総研同上
1603,TMO,9552,M＆A総研ホールディングス,M＆A総研HD　業績拡大とグロース銘柄に資金が入ることを期待。
1604,masa,9552,M＆A総研ホールディングス,Ｍ＆Ａ総研　　順調に人員増しながらを、KPIも維持できているため
1605,ゆうき,9552,M＆A総研ホールディングス,M&A総研 毎四半期ごとに期待超えてくるのでは
1606,大きなかぶ,9552,M＆A総研ホールディングス,M&A総研ホールディングス。経営資源集約化税制の拡充（案）による追い風。今期もアドバイザー数が前期比+76%の計画。
1607,ひろたん,9553,マイクロアド,マイクロアド　サイバーエージェントが筆頭株主　時価総額183億　1/5終値667円　11/14当期純利益5.6億で、年末時点で株価2倍以上になると考えます。
1608,大陸浪人,9556,INTLOOP,ＩＮＴＬＯＯＰ
1609,ギデ,9556,INTLOOP,INTLOOP
1610,いっちゃん,9556,INTLOOP,ＩＮＴＬＯＯＰ コンサル、ITなどのDX、１Q進捗悪いが２Q以降良ければ時価総額戻る
1611,バンコク太郎,9556,INTLOOP,ＩＮＴＬＯＯＰ 底値圏
1612,シロモ,9556,INTLOOP,イントループ
1613,マー,9556,INTLOOP,マイクロアド
1614,sei,9556,INTLOOP,ＩＮＴＬＯＯＰ　売上好調ながら、人材育成が後手に回って利益低下。今年は回復
1615,ayame,9556,INTLOOP,イントループ
1616,五十嵐,9557,エアークローゼット,エアークローゼット
1617,バール,9557,エアークローゼット,エアークローゼット 今期上方修正で
1618,けーさん@,9558,ジャパニアス,ジャパニアス　エンジニア数増加＝売上増加なので継続的に成長しやすいビジネス。コプロHDのように飛躍する可能性あり。
1619,ミキスケ,9558,ジャパニアス,ジャパニアス
1620,カヌレ,9560,プログリット,プログリット　2023年の大相場があったものの、増収増益計画で、再ブレイクあるかも。
1621,ベリーピザ,9560,プログリット,プログリット会社計画は保守的。加えて新規サブスク事業の上乗せ期待。
1622,オニール好きの投資家,9560,プログリット,プログリット企業向け英語コーチング事業がのびしろですねえ!!!
1623,VASHI,9560,プログリット,プログリット
1624,スカイラー,9563,Atlas_Technologies,Atlas Technologies 売り込まれたグロースの反転期待
1625,矢部,9564,FCE,ＦＣＥ
1626,フィナンシェ,9564,FCE,ＦＣＥ ＤＸ・生産性向上需要を取り込んで、中計通り増益できれば。
1627,バンコク太郎,9564,FCE,ＦＣＥ　割安成長+新商品
1628,ぼんやり田中さん,9564,FCE,FCE　自社RPAサービスの成長
1629,あきら,9564,FCE,ＦＣＥ　自分のテーブルで発表。
1630,kenmo,9564,FCE,FCE 年後半にかけてDX関連の物色が始まると予想。ロボパットDXにはストック性もあり、トヨクモと同等の評価がされてもよいのでは。組織マネジメントが上手い。鍵は意外と教育事業の伸びではないか。
1631,すみ,9564,FCE,FCE
1632,あんこ,9564,FCE,FCE DX需要、成長率考えるとper15は割安かと
1633,くま,9603,エイチ・アイ・エス,HIS
1634,牛肉太郎,9603,エイチ・アイ・エス,	ＨＩＳ　円高での海外旅行需要爆発にベット
1635,あべんどT,9613,NTTデータグループ,ＮＴＴデータ データセンター事業の拡大
1636,ヨールト,9616,共立メンテナンス,インバウンド復活＋円安で月次好調、コロナ前高値の大幅更新もありえる？
1637,Meril,9619,イチネンホールディングス,イチネン
1638,たぐけん,9678,カナモト,カナモト　ラピダスの建設に伴う需要を受ける事と、業績寄与思惑が重なれば
1639,roku,9713,ロイヤルホテル,ロイヤルホテル
1640,GGS,9722,藤田観光,藤田観光、客室単価上昇、コロナを経た構造改革が通期寄与
1641,牛肉太郎,9726,KNT-CTホールディングス,ＫＮＴ-ＣＴホールディングス　円高での海外旅行需要爆発にベット
1642,海運,9743,丹青社,丹精社総合ディスプレーは2社（乃村）のみニッチ子会社7社　大阪万博関連
1643,ゆうと,9767,日建工学,日建工学 端的に言えば「大穴枠」です。同社はフリージアマクロス・技研HDに約2割の株式を握られており、直近ではナガワ(復興支援事業として仮設住宅など同社の本業周りでシナジーも期待できそう)からも大量保有報告書が提出されています。そのような状況で今年は同社の買収防衛策の更新時期となります。前回の更新タイミングである2021年定時株主総会では買収防衛策は可決されているものの、賛成比率は53.2%と非常に薄氷であったことから、今年の定時株主総会でもフリージアマクロス・技研HDの動向次第(ただし、買収防衛策では同グループは20%i以上の議決権の取得はできないため、買収防衛策が存在する限り買い増しは難しい)では紛糾する可能性があり得ます。その際ナガワの議決権行使次第では会社側を追い詰めることができますし、逆にホワイトナイトになる余地もあり得ます。そういった展開のなかで仕手っぽい株価推移となり、2倍程度の株価を付ける可能性もあるのではないかと思っています。
1644,くりごはん,9824,泉州電業,泉州電業
1645,なつみ,9824,泉州電業,泉州電業　データサーバー電線不足
1646,ののじ,9824,泉州電業,泉州電業　電線の需要がタイトなことに対処できれば…
1647,メイプル,9828,元気寿司,元気寿司　国内事業利益体質になっている
1648,ぱふぇっと,9842,アークランズ,アークランズ　バリュー、NISA優待銘柄
1649,しろまる,9845,パーカーコーポレーション,パーカーコーポレーション
1650,柊@kabu,9854,愛眼,愛眼　PBR0.3倍、有利子負債０、潤沢な手持ちキャッシュ。TOB、MBOの狙い目
1651,なべさん＠高配当バリュー投資家,9856,ケーユーホールディングス,ケーユーHDPER6.4倍。保守的予想で上方修正ある。配当利回り4.8％。円高銘柄。上方修正と高配当銘柄の水準訂正あれば。
1652,えむじぇい,9856,ケーユーホールディングス,ケーユーホールディングス 円高転換恩恵、高級車は強い
1653,オウル,9873,日本KFCホールディングス,KFC9873 大幅値上げ 飲食はハイパーグロース 誰も買ってない
1654,grass hopper,9876,コックス,コックス　コロナ明けと社長交代からの復活
1655,柊@kabu,9876,コックス,コックス　業績改善、寒冬でプラスON
1656,まもる,9876,コックス,コックス　不採算店舗をどんどん閉店していき棚卸し資産も圧縮してきている、社長交代してから粗利の改善も進んでいる。
1657,☆にゃー☆,9876,コックス,コックス、イオン系カジュアル、社長交代により業績急回復、下値は限定と思われさらに業績が上向けば株価上昇もあるかも
1658,お多福。。,9889,JBCCホールディングス,JBCC　AIクラウドセキュリティ　60周年記念配
1659,ぱじぃた,9890,マキヤ,マキヤ
1660,あちし,9942,ジョイフル,ジョイフル 営利40億いけそう。税効果と地方上場ディスカウントあるがファミレスとしては割安
1661,人間,9960,東テク,東テク データセンター案件豊富
1662,かもめ,9990,サックスバーホールディングス,サックスバー/黒字転換し目先増益もみられる復調系低PBR銘柄
1663,シェイン,1398.HK ,中国工商銀行,中国工商銀行　利益に比して割安すぎる
1664,シェイン,153.HK, 三生製薬, 三生製薬　バイオ関連の会社。バズる可能性に期待。
1665,シェイン,257.HK, 中国光大環境, 中国光大環境　今後中国でも環境分野は注目。収益力もある
1666,ほしいも,2899.HK ,紫金鉱業集団,紫金鉱業集団 中国株、高品位の銅鉱山所有しており利益率高い、今後銅が不足するという予測があり、中国株全体も現時点割安（bloombergで的中率100%のシグナル点灯したとか）なのでリバサール&銅価格上昇に伴うモメンタムで2倍もあるかも？
1667,ごんきち,AAPL,Apple,AppleInc 個人的に思い描く使い方が出来るのであれば VisionPro発売でゲームチェンジが起きるのでは？（イメージ的には電脳コイルと言うアニメ参照）
1668,ブラウン,AMD,アドバンスト・マイクロ・デバイセズ,アドバンスト・マイクロ・デバイセズ　2024年も半導体が強そう
1669,おざ,ARM,アーム・ホールディングス,（半導体盛り上がれば）
1670,Yokabun,ARM,アーム・ホールディングス,アーム・ホールディングス
1671,おいどん,ARM,アーム・ホールディングス,よくわからないんですが、孫正義銘柄だから。
1672,nt164,AVGO,ブロードコム,ブロードコム　次のmagnificient 7銘柄として期待
1673,ユーキ,BITF,ビットファームズ,ビットファームズ ビットコインバブル
1674,初心,BOX,BOX,クラウド移行/AI活用で膨大になるデータ保管で容量無制限のニーズが高まるかも
1675,ほみ株,BTBT,ビットデジタル,ビットデジタル
1676,ギデ,BTC,ビットコイン,ビットコイン
1677,Bolsa,BTC,ビットコイン,ビットコイン　4月ごろに半減期を迎えるかも
1678,五十嵐,BYND,ビヨンド・ミート,ビヨンド・ミート
1679,みま,CCL,カーニバル,カーニバル、コロナ前のクルーズ需要回復
1680,ユーキ,CIFR,サイファーマイニング,サイファーマイニング ビットコインバブル
1681,ほみ株,CLSK,グリーンスパーク,グリーンスパーク
1682,ユーキ,CLSK,クリーンスパーク,クリーンスパーク ビットコインバブル
1683,グラッチ,COIN,コインベース,コインベース　ビットコインの半減期の当たり年
1684,K,CRSP,CRISPR Therapeutics,CRISPR Therapeuticsゲノム編集技術「CRISPR」を用いた初の遺伝子編集治療法が2023年の12月に英当局・米当局に承認された。同社はCRISPR-Cas9に関する知的財産権を取得し、それを用いて異常ヘモグロビン症▽がん免疫学▽再生医療▽生体内遺伝子治療──の4分野に関するプログラムを進行しており、初の治療薬の承認を皮切りに医療の進歩においてイノベーションが起きる可能性が高まっている。正直来年進捗があるかは分からないが、近い将来に第2のモデルナになる可能性を期待している。
1685,hokusansan1,CRSP,CRISPR Therapeutics,クリスパーセラピューティクス 遺伝子ベースの重病治療薬実用化
1686,さざなみ,CWEB,CSI中国インターネット指数株ブル2倍ETF ,CSI中国インターネット指数株ブル2倍ETF NYSE Arca  中国ネット株リバ狙い
1687,neko4979,DIS,ウォルト・ディズニー,ｳｫﾙﾄ･ﾃﾞｨｽﾞﾆｰ･ｶﾝﾊﾟﾆｰDIS
1688,さざなみ,DPST,地方銀行ブル3倍ETF,地方銀行ブル3倍ETF (DPST) NYSE Arca米国債価格上昇、米国地銀リバ狙い
1689,ゆに,ERO,エロカッパー,エロカッパー　ブラジルに権益を持つ銅鉱山。市況上振れた場合の上値余地は他の大型株より大きい。
1690,スカイラー,FTT,FTXトークン,FTXトークン(仮想通貨) 仮想通貨取引所FTXの復活に期待
1691,ボントレ,GOLD,バリックゴールド,バリックゴールド　ゴールド関連
1692,マー,HYDR,グローバルX水素テックETF,（米国株）
1693,たこ,INTC,インテル,インテル　CPU/GPU/ファウンドリー
1694,moo,INTC,インテル,インテル
1695,victoriakcol naoe,INTC,インテル,インテル　いよいよWindowsでAI向け新しい機能が到来するため。低迷も脱するか
1696,hokusansan1,IONQ,IONQ,IONQ AIの次は量子コンピュータかなと
1697,えむじぇい,IOT,サムサラ,サムサラ AIど真ん中、連続好決算、じっちゃまイナゴ
1698,ユーキ,IREN,アイリスエナジー,アイリスエナジー ビットコインバブル
1699,Nori. H,LLY,イーライリリー,２型糖尿病薬、乳がん投与薬等がヒットしているから。肥満に対する予防薬として米国での使用が広まっているから。
1700,nt164,LLY,イーライリリー,イーライリリー　肥満薬のさらなるブームで
1701,ヒデゾー,MARA,マラソン・デジタル,マラソン・デジタル
1702,ユーキ,MARA,マラソン・デジタル,マラソンデジタルホールディングス ビットコインバブル
1703,とおるがfire,MARA,マラソン・デジタル,ビットコインの上昇はこれから。
1704,Nori. H,MRNA,モデルナ,現在、mRNA技術を使ったコロナワクチン以外の領域への開拓を進めている。キイトルーダ」との併用投与について承認審査がうまくいくと爆発する気がする。
1705,しろまる,MSFT,マイクロソフト,マイクロソフト
1706,Nori. H,NOV,NOV,２型糖尿病薬がヒットしているから
1707,円蔵,NVDA,エヌビディア,まだまだ安いと思うので
1708,ヒロ,NVDA,エヌビディア,AIといえば。引き続き世界をリードして欲しい願望が含まれている。
1709,ヒデゾー,NVDA,エヌビディア,エヌビディア
1710,スカイラー,OKB,OKB,OKB(仮想通貨) 仮想通貨バブルに期待
1711,スーパースタン,PDD,PINDUODUO ,PINDUODUO 中国EC大手、傘下国際事業TEMU順調、いい会社、普通に毎年おすすめ。
1712,hiro,PDD,拼多多,拼多多 越境EC temuにめちゃくちゃ勢い感じる
1713,ほしいも,RIOT,Riot Platforms,"Riot Platforms, Inc. アメ株,仮想通貨の採掘してる2020年のバブル時は80ドルをつけており現在14ドル,博打で上がる可能性もあるかも"
1714,ユーキ,RIOT,Riot Platforms,ライオットプラットフォームズ ビットコインバブル
1715,投資家N,SHOP,ショッピファイ,ショッピファイ
1716,めそ,SMR,ニュースケールパワー,ニュースケールパワー 新たな小型原子炉を受注できればワンチャンあるかも
1717,ほしいも,SOXL,Direxionデイリー半導体株ブル3倍ETF,"SOXL Direxionデイリー半導体株ブル3倍ETF アメ株,3倍ブルなので下値も大きいが上値も大きくありかも"
1718,ひろたん,SOXL,ソクル,ソクル　1/5終値25.93  生成AI、半導体技術の米国産化等、米国半導体の需要は高まっています。また、2024年米国大統領選に向け、何らかの半導体振興施策の実施が考えられます。
1719,AKI,SOXL,ソクル,半導体が来るなら２倍は確実
1720,ヨールト,SOXL,ソクル,半導体サイクルの回復期で3倍ブルなら可能性は大いにあるかと
1721,マー,SOXL,ソクル,(米国株）
1722,とおるがfire,STNE,ストーン,ストーン 今季より損益が黒字化見込み
1723,まちゃ,SVIX,SVIX,(は今、日本の証券口座で購入できるところがないと思うのでSVXYでも良いか)ボラティリティ指数をベースにしたベアETF。こんな商品があるのだということを周知できれば。とは言えリーマン/東日本大震災/コロナ レベルのショックがあると資産がほぼゼロになるのでポートフォリオのほんの一部として。。。
1724,スーパースタン,TCEHY (HK:700),テンセント, テンセント　中国ゲーム、IT大手、PER１３倍、自社株買う、安い。
1725,Nori. H,TMDX,トランスメディックス・グループ,競合他社が存在せず、需要もまだまだ存在し売上+100%の勢いを維持しているから
1726,さざなみ,TMF,20年超米国債ブル3倍ETF,20年超米国債ブル3倍ETF(TMF) NYSE Arca インフレ鎮静化、超長期金利低下期待
1727,ぐらぐら,TMF,20年超米国債ブル3倍ETF,20年超米国債ブル3倍　米国金利下げに伴い上昇
1728,piyopiyodawan,TMF,20年超米国債ブル3倍ETF,債権は今年後半から。
1729,豚さがり,TSMC,TSMC,半導体煽り
1730,ayame,U,ユニティ,ユニティ・テクノロジーズ
1731,piyopiyodawan,U,ユニティ,リアルタイム3D
1732,うさみん,UDMY,ユーデミー,ユーデミー
1733,Nori. H,URA,グローバルXウラニウムETF,原子力発電に否定的な風向きが変わったから（原油、天然ガスなどに経済が左右されることへのリスクヘッジを政府が始めたから）
1734,とおるがfire,WIT,ウィプロ,ウィプロ　インドのITに期待
1735,ほみ株,WULF,テラウルフ,テラウルフ
1736,ユーキ,WULF,テラウルフ,テラウルフ ビットコインバブル
1737,さざなみ,YINN,中国株ブル3倍ETF (YINN),FTSE　中国株ブル3倍ETF (YINN) NYSE Arca中国大型株リバ狙い
1738,あ,ZBH,ジンマー,ジンマー
